"original_person","original_text","perturbed_person","perturbed_text","original_score","perturbed_score","original_output","perturbed_output","ground_truth_output","num_queries","result_type"
"Lenny randle","leonard shenoff randle ( born february 12 , 1949 ) is a former major league baseball player .<SPLIT>he was the first-round pick of the washington senators in the secondary phase of the june 1970 major league baseball draft , tenth overall .<SPLIT>","John wockenfuss","[MASK] shenoff [MASK] ( born february 12 , 1949 ) is a former major league baseball player .<SPLIT>he was the first-round pick of the washington senators in the secondary phase of the june 1970 major league baseball draft , tenth overall .<SPLIT>",-15.6953706741333,0.9100448489189148,0,249684,0,74,"Successful"
"Philippe adnot","philippe adnot ( born 25 august 1945 in rhèges ) is a member of the senate of france .<SPLIT>he was first elected in 1989 , and represents the aube department .<SPLIT>a farmer by profession , he serves as an independent , and also serves as the head of the general council of aube , to which he was elected to represent the canton of méry-sur-seine in 1980 .<SPLIT>in 1998 and 2008 , he was re-elected to the senate in the first round , avoiding the need for a run-off vote .<SPLIT>having contributed to the creation of the university of technology of troyes , in","Daniel laurent","[MASK] [MASK] ( born 25 [MASK] [MASK] in rhèges ) is a member of the senate of france .<SPLIT>he was first elected in 1989 , and represents the aube department .<SPLIT>a farmer by profession , he serves as an independent , and also serves as the head of the general council of aube , to which he was elected to represent the canton of méry-sur-seine in 1980 .<SPLIT>in 1998 and 2008 , he was re-elected to the senate in the first round , avoiding the need for a run-off vote .<SPLIT>having contributed to the creation of the university of technology of troyes , in",-14.941988945007324,0.9643195867538452,1,161922,1,375,"Successful"
"Miroslav popov","miroslav popov ( born 14 june 1995 in dvůr králové nad labem ) is a czech grand prix motorcycle racer .<SPLIT>he currently races in the fim cev moto2 championship for montaze broz racing team aboard a suter .<SPLIT>","Michal prášek","[MASK] [MASK] ( born 14 [MASK] [MASK] in [MASK] [MASK] nad labem ) is a czech grand prix motorcycle racer .<SPLIT>he currently races in the fim cev moto2 championship for montaze broz racing team aboard a suter .<SPLIT>",-17.340179443359375,0.7421573400497437,2,456329,2,196,"Successful"
"Jack reynolds","john `` jack '' reynolds ( 21 february 1869 -- 12 march 1917 ) was a footballer who played for , among others , west bromwich albion , aston villa and celtic .<SPLIT>as an international he played five times for ireland before it emerged that he was actually english and he subsequently played eight times for england .<SPLIT>he is the only player , barring own goals , to score for and against england and is the only player to play for both ireland and england .<SPLIT>he won the","Johnny campbell","john [MASK] jack '' [MASK] ( 21 february [MASK] -- 12 march [MASK] ) was a footballer who played for , among others , west bromwich albion , aston villa and celtic .<SPLIT>as an international he played five times for ireland before it emerged that he was actually english and he subsequently played eight times for england .<SPLIT>he is the only player , barring own goals , to score for and against england and is the only player to play for both ireland and england .<SPLIT>he won the",-16.618364334106445,0.9486501216888428,3,345455,3,311,"Successful"
"Akoo nana","william ato ankrah , ( born 7th july 1979 ) better known by his stage name akoo nana is a hiplife musician from ghana .<SPLIT>since 2009 , he has been making a large impact in africa 's hiplife scene through his authentic sounding music and captivating","Mc galaxy","william [MASK] [MASK] , ( born 7th july 1979 ) better known by his stage name [MASK] [MASK] is a hiplife musician from [MASK] .<SPLIT>since 2009 , he has been making a large impact in africa 's hiplife scene through his authentic sounding music and captivating",-19.46212387084961,0.8369295001029968,4,445867,4,201,"Successful"
"Teoctist","teoctist ( , born toader arăpașu ; february 7 , 1915 -- july 30 , 2007 ) was the patriarch of the romanian orthodox church from 1986 to 2007 .<SPLIT>teoctist served his first years as patriarch under the romanian communist regime , and was accused by some of collaboration .<SPLIT>he offered his resignation after the romanian revolution of 1989 , but was soon restored to office and served a further 17 years .<SPLIT>a promoter of ecumenical dialogue , patriarch teoctist invited pope john paul ii to visit romania in 1999","Volodymyr i","[MASK] ( , born toader [MASK] ; [MASK] 7 , [MASK] -- july 30 , [MASK] ) was the patriarch of the [MASK] orthodox church from [MASK] to 2007 .<SPLIT>teoctist served his first years as patriarch under the [MASK] communist regime , and was accused by some of collaboration .<SPLIT>he offered his resignation after the [MASK] revolution of 1989 , but was soon restored to office and served a further 17 years .<SPLIT>a promoter of ecumenical dialogue , patriarch teoctist invited pope john paul ii to visit [MASK] in 1999",-16.94423484802246,0.6141027808189392,5,553956,5,756,"Successful"
"Dillon sheppard","dillon sheppard ( born 27 february 1979 ) is a south african football ( soccer ) left-winger who plays for premier soccer league club bidvest wits and south africa .<SPLIT>","Jabulani shongwe","[MASK] [MASK] ( born 27 february [MASK] ) is a south african football ( soccer ) [MASK] who plays for premier soccer league club bidvest wits and south africa .<SPLIT>",-17.04456901550293,0.8354301452636719,6,210733,6,95,"Successful"
"Giuliana zevallos","giuliana zevallos roncagliolo ( born in lima , peru ) is a beauty queen who was crowned miss continente americano 2010 on september 18 , 2010 , becoming that pageant 's very first titleholder from her country .<SPLIT>prior to winning miss continente americano , she was miss earth perú 2008 and miss perú 2010 , and represented her country in both miss earth 2008 and miss universe 2010 .<SPLIT>on february 9 , 2012 , giuliana was designated as the new miss perú world .<SPLIT>she represented","Silvana vásquez","[MASK] [MASK] [MASK] ( born in [MASK] , peru ) is a beauty queen who was crowned miss continente americano 2010 on september 18 , 2010 , becoming that pageant 's very first titleholder from her country .<SPLIT>prior to winning miss continente americano , she was miss earth perú 2008 and miss perú 2010 , and represented her country in both miss earth 2008 and miss universe 2010 .<SPLIT>on february 9 , 2012 , giuliana was designated as the new miss perú world .<SPLIT>she represented",-16.481969833374023,0.6978647708892822,7,191185,7,299,"Successful"
"Renato campos","renato campos ( born september 5 , 1980 ) is a retired angolan football player .<SPLIT>he has played for angola national team","Filipe nzanza","[MASK] [MASK] ( born [MASK] 5 , [MASK] ) is a retired angolan football player .<SPLIT>he has played for angola national team",-17.525917053222656,0.9594662189483643,8,461665,8,71,"Successful"
"Sir william laird clowes","sir william laird clowes ( 1 february 1856 -- 14 august 1905 ) was a british journalist and historian whose principal work was `` the royal navy , a history from the earliest times to 1900 '' , a text that is still in print .<SPLIT>he also wrote numerous technical pieces on naval technology and strategy and was also noted for his articles concerning racial politics in the southern united states .<SPLIT>despite having trained as a lawyer , clowes had always preferred literature and writing , publishing his first work in 1876 and becoming a full-time journalist in 1879 .<SPLIT>for the services rendered in his","William thomas stead","sir william [MASK] [MASK] ( 1 [MASK] [MASK] -- 14 [MASK] [MASK] ) was a british journalist and historian whose principal work was `` the royal navy , a history from the earliest times to 1900 '' , a text that is still in print .<SPLIT>he also wrote numerous technical pieces on naval technology and strategy and was also noted for his articles concerning racial politics in the southern united states .<SPLIT>despite having trained as a lawyer , clowes had always preferred literature and writing , publishing his first work in 1876 and becoming a full-time journalist in 1879 .<SPLIT>for the services rendered in his",-17.275102615356445,0.7874051332473755,9,42328,9,568,"Successful"
"Dan besse","daniel vaughn ( dan ) besse ( born december 28 , 1954 ) is a graduate of unc-chapel hill school of law ( 1980 ) , an attorney , and , since 2001 , a city councilman in winston-salem , north carolina .<SPLIT>he was one of four democratic candidates in the 2008 lt. governor election for the seat vacated by beverly perdue , but came in last in the primary , which was won by walter dalton .<SPLIT>in the 2008 campaign , besse received the endorsement of the progressive democrats of","Cal cunningham","[MASK] vaughn ( [MASK] ) [MASK] ( born [MASK] 28 , [MASK] ) is a graduate of unc-chapel hill school of law ( 1980 ) , an attorney , and , since 2001 , a city councilman in winston-salem , north carolina .<SPLIT>he was one of four democratic candidates in the [MASK] lt. [MASK] election for the seat vacated by beverly perdue , but came in last in the primary , which was won by walter dalton .<SPLIT>in the [MASK] campaign , besse received the endorsement of the progressive democrats of",-15.717885971069336,0.9985531568527222,10,345599,10,581,"Successful"
"Matt elliott","matt elliott is an english folk guitarist and singer from bristol , england , who plays dark folk music .<SPLIT>he also produced and recorded electronic music under the name the third eye","Chris wood","[MASK] [MASK] is an english folk guitarist and singer from [MASK] , england , who plays [MASK] folk music .<SPLIT>he also produced and recorded electronic music under the name the third eye",-16.986677169799805,0.9950582385063171,11,530409,11,115,"Successful"
"Giuseppe mariani","giuseppe mariani was an italian art director .<SPLIT>he was nominated for an academy award in the category best art direction for the film `` the taming of the shrew '' .<SPLIT>","Alberto boccianti","[MASK] [MASK] was an italian art director .<SPLIT>he was nominated for an academy award in the category best art direction for the film `` the taming of the shrew '' .<SPLIT>",-17.799571990966797,0.8536210060119629,12,569603,12,58,"Successful"
"Tang li","tang li ( chinese : 唐莉 ; pinyin : táng lì ; born july 27 , 1982 ) is a chinese professional go player .<SPLIT>","Gu li","[MASK] li ( chinese : 唐莉 ; pinyin : [MASK] lì ; born [MASK] 27 , 1982 ) is a chinese professional go player .<SPLIT>",-17.043975830078125,0.547604501247406,13,451541,13,49,"Successful"
"Peter curran","peter curran is an irish broadcaster , writer , documentary maker and audiobook publisher .<SPLIT>he grew up in belfast , the eldest of six children .<SPLIT>after leaving school he worked on funfairs in the usa before moving to london .<SPLIT>curran worked for an interior design and building company for four years before re-training as a bbc reporter .<SPLIT>in 1992 , he began dj ` ing full-time for the london radio station bbc glr .<SPLIT>","Mik duffy","[MASK] [MASK] is an irish broadcaster , writer , documentary maker and audiobook publisher .<SPLIT>he grew up in belfast , the eldest of six children .<SPLIT>after leaving school he worked on funfairs in the usa before moving to london .<SPLIT>curran worked for an interior design and building company for four years before re-training as a bbc reporter .<SPLIT>in 1992 , he began dj ` ing full-time for the london radio station bbc glr .<SPLIT>",-16.517215728759766,0.9944602251052856,14,634168,14,138,"Successful"
"Adam saltsman","adam saltsman , also known as adam atomic , is an american indie video game designer best known for creating the endless runner `` canabalt '' .<SPLIT>he is a founder of semi secret software and finji video game","Atom and his package","adam [MASK] , also known as adam atomic , is an american indie [MASK] game designer best known for creating the endless runner `` [MASK] '' .<SPLIT>he is a founder of semi secret software and finji video game",-14.581586837768555,0.9192936420440674,15,144551,15,103,"Successful"
"Walter clarence henderson","walter clarence henderson ( 28 february 1891 -- 20 september 1968 ) was a progressive conservative party member of the canadian house of commons .<SPLIT>he was born in carberry , manitoba and became a farmer by career .<SPLIT>he was elected at the cariboo riding in the 1958 general election , defeating social credit incumbent bert leboe .<SPLIT>henderson served only one term , the 24th canadian parliament , before leboe retook the riding in the 1962 election .<SPLIT>--","William john loucks","[MASK] [MASK] [MASK] ( 28 [MASK] [MASK] -- 20 september 1968 ) was a progressive conservative party member of the canadian house of commons .<SPLIT>he was born in [MASK] , [MASK] and became a [MASK] by career .<SPLIT>he was elected at the cariboo riding in the 1958 general election , defeating social credit incumbent bert leboe .<SPLIT>henderson served only one term , the 24th canadian parliament , before leboe retook the riding in the 1962 election .<SPLIT>--",-16.56708335876465,0.6838107705116272,16,252302,16,525,"Successful"
"André salvador","andré fernando cabrita salvador ( born 4 november 1993 in portimão ) is a portuguese footballer who plays for portimonense s.c. as a midfielder .<SPLIT>","Hugo pina","[MASK] [MASK] cabrita [MASK] ( born 4 [MASK] [MASK] in [MASK] ) is a portuguese footballer who plays for [MASK] s.c. as a [MASK] .<SPLIT>",-16.574771881103516,0.9719924926757812,17,374161,17,157,"Successful"
"Ernesto inarkiev","ernesto inarkiev ( born december 9 , 1985 in osh , kyrgyzstan ) is a russian chess grandmaster .<SPLIT>he was named after ernesto `` che '' guevara .<SPLIT>in 2006 he came third in the 59th russian chess championship superfinal .<SPLIT>in 2010 he tied for 1st -- 4th with konstantin chernyshov , lê quang liêm and evgeny bareev in the moscow open .<SPLIT>in 2015 he won `` moscow open 2015 '' with outstanding 8/9 .<SPLIT>","Anton korobov","[MASK] [MASK] ( born [MASK] 9 , 1985 in [MASK] , [MASK] ) is a russian chess grandmaster .<SPLIT>he was named after ernesto `` che '' guevara .<SPLIT>in 2006 he came third in the 59th russian chess championship superfinal .<SPLIT>in 2010 he tied for 1st -- 4th with konstantin chernyshov , lê quang liêm and evgeny bareev in the moscow open .<SPLIT>in 2015 he won `` moscow open 2015 '' with outstanding 8/9 .<SPLIT>",-17.77631378173828,0.9127596020698547,18,256563,18,321,"Successful"
"Bill rigby","william ` bill ' rigby ( 9 june 1921 - 1 june 2010 ) was a former english footballer who played as a goalkeeper .<SPLIT>he was born in chester .<SPLIT>a product of the youth system at his hometown club of chester , rigby made his only peacetime first-team appearance for the club in their first post-war match in the football league in a 4 -- 4 draw at york city on 31 august 1946 .<SPLIT>after this he was not selected again , with goalkeeping duties being passed on to george scales and jim maclaren .<SPLIT>earlier he had made appearances for","Rolando ugolini","[MASK] [MASK] [MASK] ' [MASK] ( 9 june [MASK] - 1 june [MASK] ) was a former english footballer who played as a goalkeeper .<SPLIT>he was born in [MASK] .<SPLIT>a product of the youth system at his hometown club of [MASK] , rigby made his only peacetime first-team appearance for the club in their first post-war match in the football league in a 4 -- 4 draw at york city on 31 august 1946 .<SPLIT>after this he was not selected again , with goalkeeping duties being passed on to george scales and jim maclaren .<SPLIT>earlier he had made appearances for",-18.051074981689453,0.9101754426956177,19,399509,19,717,"Successful"
"Barnas sears","barnas sears ( november 19 , 1802 -- july 6 , 1880 ) graduated from brown university in 1825 .<SPLIT>sears was the general agent of the peabody education fund who was sent to staunton , virginia , by george peabody to offer leadership in public education .<SPLIT>sears was general agent of the fund from 1867 until february 1880 .<SPLIT>he settled in staunton because of the easy access to the railroad .<SPLIT>sears travelled extensively throughout the south promoting southern education , `` free schools for the whole people '' .<SPLIT>sears","George ripley","[MASK] [MASK] ( [MASK] 19 , 1802 -- july 6 , 1880 ) graduated from [MASK] university in 1825 .<SPLIT>sears was the general agent of the peabody education fund who was sent to staunton , virginia , by george peabody to offer leadership in public education .<SPLIT>sears was general agent of the fund from 1867 until february 1880 .<SPLIT>he settled in staunton because of the easy access to the railroad .<SPLIT>sears travelled extensively throughout the south promoting southern education , `` free schools for the whole people '' .<SPLIT>sears",-17.220958709716797,0.702346682548523,20,160605,20,315,"Successful"
"Stepan rostomyan","stepan rostomyan ( '' Ստեփան Ռոստոմյան '' ) , ( born 4 april , 1956 ) is a famous armenian composer .<SPLIT>he is one of armenia 's key figures of the contemporary music scene , as well as a composer whose works have","Ara gevorgyan","[MASK] [MASK] ( '' Ստեփան Ռոստոմյան '' ) , ( born 4 april , [MASK] ) is a famous armenian composer .<SPLIT>he is one of armenia 's key figures of the contemporary music scene , as well as a composer whose works have",-16.817848205566406,0.6591612100601196,21,441863,21,100,"Successful"
"Shashi gupta","shashi gupta ( born 3 april 1964 in delhi , india ) is a former test and one day international cricketer who represented india .<SPLIT>she played a total of 13 tests and 20 odis","Sujata sridhar","shashi gupta ( born 3 april 1964 in delhi , india ) is a former test and one day international cricketer who represented india .<SPLIT>[MASK] played a total of 13 tests and 20 odis",-10.186908721923828,0.9880988597869873,22,491995,22,32,"Successful"
"Allan higdon","allan l. higdon served on ottawa city council from 1994 through 2000 .<SPLIT>born in dublin , republic of ireland , he immigrated to canada in 1957 .<SPLIT>he received a ba from queen 's university in english and history and received a b.ed from the university of toronto .<SPLIT>he then worked with the canadian institute of mining and metallurgy .<SPLIT>he would later move to ottawa after living in toronto and southeast asia , where he would teach high school .<SPLIT>he then worked on parliament hill and then became a self-employed consultant specializing in","Lormong lo","[MASK] l. [MASK] served on ottawa city council from 1994 through [MASK] .<SPLIT>born in dublin , republic of ireland , he immigrated to canada in 1957 .<SPLIT>he received a ba from queen 's university in english and history and received a b.ed from the university of toronto .<SPLIT>he then worked with the canadian institute of mining and [MASK] .<SPLIT>he would later move to ottawa after living in toronto and southeast asia , where he would teach high school .<SPLIT>he then worked on parliament hill and then became a self-employed consultant specializing in",-14.945116996765137,0.9784649014472961,23,42343,23,355,"Successful"
"Olcay çakır","olcay Çakır ( born 13 july 1993 in konak , İzmir , turkey ) is a turkish basketball player .<SPLIT>the young national plays for fenerbahçe İstanbul as both guard ( 1-2 ) position .<SPLIT>olcay Çakır is 182 cm tall and weighs 60 kg .<SPLIT>she is playing for fenerbahçe since 2005 in youth level and since 2010 in senior level .<SPLIT>Çakır was selected 27th overall in the 2013 wnba draft 's round 3 by the new york liberty .<SPLIT>she is so the first ever","Birsel vardarlı","[MASK] [MASK] ( born 13 [MASK] [MASK] in [MASK] , İzmir , turkey ) is a turkish basketball player .<SPLIT>the young national plays for fenerbahçe [MASK] as both guard ( 1-2 ) position .<SPLIT>olcay Çakır is 182 cm tall and weighs 60 kg .<SPLIT>she is playing for fenerbahçe since 2005 in youth level and since 2010 in senior level .<SPLIT>Çakır was selected 27th overall in the 2013 wnba draft 's round 3 by the new [MASK] liberty .<SPLIT>she is so the first ever",-17.389667510986328,0.7925819158554077,24,508385,24,519,"Successful"
"David buchanan","david buchanan ( 16 january 1830 -- 30 may 1900 ) was an english amateur cricketer who played mainly as a bowler and who had two careers separated in an unusual manner by a long period out of the first-class game .<SPLIT>he was born at edinburgh , midlothian , scotland , and died at rugby , warwickshire ,","Bryan lobb","[MASK] [MASK] ( 16 [MASK] [MASK] -- 30 [MASK] [MASK] ) was an english amateur cricketer who played mainly as a bowler and who had two careers separated in an unusual manner by a long period out of the first-class game .<SPLIT>he was born at [MASK] , [MASK] , scotland , and died at [MASK] , warwickshire ,",-18.291242599487305,0.9382758140563965,25,347234,25,415,"Successful"
"Enzo cilenti","enzo cilenti ( born 8 august 1974 ) is an english actor .<SPLIT>","Luca calvani","[MASK] [MASK] ( born 8 august 1974 ) is an [MASK] actor .<SPLIT>",-14.80045223236084,0.9279495477676392,26,569780,26,28,"Successful"
"Elango","elango nagarajah , also known as `` thaimann elango '' , is a tamil film actor , director , producer and lyricist in the tamil film industry .<SPLIT>he began his career in his early ages as a producer for the tamil film anbudan , starred arun vijay , meena , rambha ( actress ) in the main was released in the year 2000 .<SPLIT>then he worked on the most successful tamil music album நேசிக்கிறேன் as the director , actor and lyricist .<SPLIT>he was the main lead for all the six","Thiagarajan sivanandam","[MASK] nagarajah , also known as `` thaimann [MASK] '' , is a tamil film actor , director , producer and lyricist in the tamil film industry .<SPLIT>he began his career in his early ages as a producer for the tamil film anbudan , starred arun vijay , meena , rambha ( actress ) in the main was released in the year 2000 .<SPLIT>then he worked on the most successful tamil music album நேசிக்கிறேன் as the director , actor and lyricist .<SPLIT>he was the main lead for all the six",-15.219961166381836,0.9604302048683167,27,291325,27,168,"Successful"
"Jacoba surie","jacoba surie ( 5 september 1879 -- 5 february 1970 ) was a dutch painter .<SPLIT>surie was born in amsterdam and trained at the rijksakademie van beeldende kunsten there , where she studied under coba ritsema and joseph mendes da costa .<SPLIT>she was a member of arti et amicitiae and the pulchri studio and is considered one of the amsterdamse joffers .<SPLIT>surie died in amsterdam and was buried in zorgvlied .<SPLIT>","Leonaert bramer","[MASK] [MASK] ( 5 [MASK] [MASK] -- 5 february [MASK] ) was a dutch painter .<SPLIT>[MASK] was born in [MASK] and trained at the [MASK] van beeldende kunsten there , where [MASK] studied under coba ritsema and joseph mendes da costa .<SPLIT>[MASK] was a member of arti et amicitiae and the pulchri studio and is considered one of the amsterdamse joffers .<SPLIT>surie died in amsterdam and was buried in zorgvlied .<SPLIT>",-17.63331413269043,0.892007052898407,28,690976,28,616,"Successful"
"Jeremy hotz","jeremy hotz ( born may 31 , 1963 ) is a canadian actor and stand-up comedian .<SPLIT>he has appeared on `` comedy central presents '' , the just for laughs comedy festival , the `` late show with david letterman '' , and `` the tonight show with jay leno '' .<SPLIT>he has also worked as a staff writer for paramount 's `` the jon stewart show '' and has appeared in various american and canadian motion pictures including : `` my favorite martian ''","Ron sparks","[MASK] [MASK] ( born may 31 , [MASK] ) is a canadian actor and stand-up comedian .<SPLIT>he has appeared on `` comedy central presents '' , the just for laughs comedy festival , the `` late show with david letterman '' , and `` the tonight show with jay leno '' .<SPLIT>he has also worked as a staff writer for paramount 's `` the jon stewart show '' and has appeared in various american and canadian motion pictures including : `` my favorite martian ''",-16.792526245117188,0.939773678779602,29,155710,29,217,"Successful"
"John thompson","air vice marshal john hugh thompson cb ( born 18 september 1947 ) is a former royal air force officer who became head of the british defence staff in washington , d.c.<SPLIT>","Robert peters","air vice marshal [MASK] hugh [MASK] cb ( born 18 [MASK] [MASK] ) is a former royal air force officer who became head of the british defence staff in washington , d.c.<SPLIT>",-16.875164031982422,0.958001434803009,30,244951,30,115,"Successful"
"Bernardo sassetti","bernardo da costa sassetti pais ( 24 june 1970 -- 10 may 2012 ) was a portuguese jazz pianist and film composer .<SPLIT>sassetti was born in lisbon .<SPLIT>he was a great-grandson of sidónio pais , president of the first republic .<SPLIT>he initially played guitar , then began studying piano and music theory at age nine .<SPLIT>he became interested in jazz after hearing bill evans .<SPLIT>by the late 1980s , he was backing visiting musicians and teaching jazz piano in lisbon ( and , later , taught throughout other lusophonic areas ) .<SPLIT>during","Frank país","[MASK] da costa [MASK] pais ( 24 [MASK] [MASK] -- 10 [MASK] [MASK] ) was a [MASK] jazz pianist and [MASK] composer .<SPLIT>[MASK] was born in [MASK] .<SPLIT>he was a [MASK] of sidónio pais , president of the first republic .<SPLIT>he initially played guitar , then began studying piano and music theory at age nine .<SPLIT>he became interested in jazz after hearing bill evans .<SPLIT>by the late 1980s , he was backing visiting musicians and teaching jazz piano in lisbon ( and , later , taught throughout other lusophonic areas ) .<SPLIT>during",-16.999649047851562,0.9837507605552673,31,524419,31,848,"Successful"
"Jesse f. keeler","jesse frederick keeler ( born november 11 , 1976 ) is a canadian musician .<SPLIT>he is known as the bassist of canadian dance-punk duo death from above 1979 and one half of the electronic music duo mstrkrft .<SPLIT>in addition to singing , keeler plays drums , guitar , bass , keyboards , and saxophone , as well as work as a producer , lending to music of a variety of styles over the course of his career , including","Lou mulvihill","[MASK] [MASK] [MASK] ( born november 11 , [MASK] ) is a canadian musician .<SPLIT>he is known as the bassist of canadian dance-punk duo [MASK] from above 1979 and one half of the electronic music duo mstrkrft .<SPLIT>in addition to singing , keeler plays drums , guitar , bass , keyboards , and saxophone , as well as work as a producer , lending to music of a variety of styles over the course of his career , including",-17.185693740844727,0.9845092296600342,32,423115,32,331,"Successful"
"Andrei volobuyev","he made his debut in the russian second division for fc znamya truda orekhovo-zuyevo on july 18 , 2013 in a game against fc kolomna .<SPLIT>","Andrei volobuyev","he made his debut in the russian second division for fc znamya truda orekhovo-zuyevo on july 18 , 2013 in a game against fc kolomna .<SPLIT>",-11.262067794799805,-11.262067794799805,155163,155163,33,1,"Skipped"
"Darcy james argue","darcy james argue is a vancouver-born , brooklyn-based jazz composer and bandleader .<SPLIT>he is best known for his work with his 18-piece ensemble , secret society , with which he has released two grammy-nominated albums .<SPLIT>","David weiss","[MASK] james [MASK] is a [MASK] , brooklyn-based jazz composer and bandleader .<SPLIT>he is best known for his work with his 18-piece ensemble , secret society , with which he has released two grammy-nominated albums .<SPLIT>",-16.563024520874023,0.9414517879486084,34,144322,34,94,"Successful"
"Édouard hervé","Édouard hervé ( 28 may 1835 -- 4 january 1899 ) was a french journalist , historian and politician .<SPLIT>","Pierre sudreau","[MASK] [MASK] ( 28 may [MASK] -- 4 january [MASK] ) was a french [MASK] , [MASK] and politician .<SPLIT>",-16.05278968811035,0.9996045827865601,35,201345,35,76,"Successful"
"The earl of bellomont","richard coote , 1st earl of bellomont ( sometimes spelled bellamont , 1636 -- 5 march 1700/1 ) , known as the lord coote between 1683 and 1689 , was a member of the english parliament and a colonial governor .<SPLIT>born in ireland , he was an early supporter of william and mary , siding with them in the glorious revolution .<SPLIT>in 1695 he was given commissions as governor of the provinces of new york , massachusetts bay , and new hampshire , which he held until his death .<SPLIT>he did not arrive","The lord howard of effingham","[MASK] [MASK] , 1st earl of [MASK] ( sometimes [MASK] [MASK] , [MASK] -- 5 march [MASK]/1 ) , known as the lord coote between 1683 and 1689 , was a member of the english parliament and a colonial governor .<SPLIT>born in [MASK] , he was an early supporter of william and mary , siding with them in the glorious revolution .<SPLIT>in 1695 he was given commissions as governor of the provinces of new york , massachusetts bay , and new hampshire , which he held until his death .<SPLIT>he did not arrive",-16.96487808227539,0.9684531092643738,36,37644,36,629,"Successful"
"Sigeferth","sigeferth or sigefirth or sicgga , was the third bishop of selsey , consecrated in 733 by tatwine , the archbishop of canterbury .<SPLIT>sigeferth was still bishop in 747 , when he attended the synod of clofesho .<SPLIT>his date of death was sometime between","Sigeferth","sigeferth or sigefirth or sicgga , was the third bishop of [MASK] , consecrated in [MASK] by tatwine , the archbishop of canterbury .<SPLIT>sigeferth was still bishop in [MASK] , when he attended the synod of clofesho .<SPLIT>his date of death was sometime between",-13.508845329284668,0.9607691764831543,37,674525,37,118,"Successful"
"Rachel gowey","rachel kathryn gowey ( born october 3 , 1997 ) is an american artistic gymnast .<SPLIT>she is a u.s. national team member , a position she has held since 2014 .<SPLIT>at the 2015 pan american games in toronto , she was part of the gold-winning us team , also winning gold individually on the uneven bars","Kytra hunter","[MASK] [MASK] [MASK] ( born october 3 , [MASK] ) is an american artistic gymnast .<SPLIT>she is a u.s. national team member , a position she has held since 2014 .<SPLIT>at the 2015 pan american games in toronto , she was part of the gold-winning us team , also winning gold individually on the uneven bars",-16.88511848449707,0.9590234756469727,38,311568,38,199,"Successful"
"Basavaraj patil sedam","basvaraj patil sedam ( born 10 february 1944 ) is a member of rajya sabha from karnataka .<SPLIT>he was the secretary of bharatiya janata party and president of the bharatiya janata party karnataka unit .<SPLIT>he was elected as a member of the 12th lok sabha from gulbarga .<SPLIT>","Pranay vivek patil","[MASK] patil [MASK] ( born 10 [MASK] [MASK] ) is a member of rajya sabha from karnataka .<SPLIT>he was the secretary of bharatiya janata party and president of the bharatiya janata party karnataka unit .<SPLIT>he was elected as a member of the 12th lok sabha from gulbarga .<SPLIT>",-17.01249122619629,0.9331645369529724,39,108300,39,175,"Successful"
"Demetrius of pharos","demetrius of pharos ( also pharus ) ( ) was a ruler of pharos involved in the first illyrian war , after which he ruled a portion of the illyrian adriatic coast on behalf of the romans , as a client king .<SPLIT>demetrius was a regent ruler to pinnes , the son of agron who was too young to rule as king .<SPLIT>when the romans were occupied with their own problems , he had grown stronger as an ally of macedonia and also by conquering dimallum of dalmatia , on","Presian","[MASK] of pharos ( also pharus ) ( ) was a ruler of pharos involved in the first illyrian war , after which he ruled a portion of the illyrian adriatic coast on behalf of the romans , as a client king .<SPLIT>[MASK] was a regent ruler to pinnes , the son of agron who was too young to rule as king .<SPLIT>when the romans were occupied with their own problems , he had grown stronger as an ally of macedonia and also by conquering dimallum of dalmatia , on",-14.101239204406738,0.9561099410057068,40,490523,40,162,"Successful"
"Alfred e. reinhardt","alfred e. reinhardt ( december 1902 - march , 1987 ) aia , was an american architect active in mid-twentieth-century connecticut and massachusetts .<SPLIT>his firm specialized in ecclesiastical design and was very active with roman catholic clients , mostly in connecticut .<SPLIT>","Herbert e. matz","[MASK] e. [MASK] ( december [MASK] - march , [MASK] ) aia , was an american architect active in mid-twentieth-century connecticut and massachusetts .<SPLIT>his firm specialized in ecclesiastical design and was very active with roman catholic clients , mostly in connecticut .<SPLIT>",-16.47429847717285,0.7854583859443665,41,113737,41,135,"Successful"
"Masayoshi tomizuka","professor masayoshi tomizuka is a professor in control theory in department of mechanical engineering , university of california , berkeley .<SPLIT>he holds the cheryl and john neerhout , jr. , distinguished professorship chair , and has supervised more than 90 ph. d. students to completion .<SPLIT>professor masayoshi tomizuka received his b.s. and m.s. degrees in mechanical engineering from keio university , tokyo , japan in 1968 and 1970 , and his ph. d. degree in","Pravin varaiya","professor [MASK] [MASK] is a professor in control theory in department of mechanical engineering , university of california , berkeley .<SPLIT>he holds the cheryl and john neerhout , jr. , distinguished professorship chair , and has supervised more than 90 ph. d. students to completion .<SPLIT>professor masayoshi tomizuka received his b.s. and m.s. degrees in mechanical engineering from keio university , tokyo , japan in 1968 and 1970 , and his ph. d. degree in",-13.546025276184082,0.9491220712661743,42,169049,42,138,"Successful"
"Thomas towie","thomas towie was a scottish footballer who played in the football league for derby county and preston north end in the 1890s .<SPLIT>","Archibald ferguson","[MASK] [MASK] was a [MASK] footballer who played in the football league for derby county and preston north end in the 1890s .<SPLIT>",-17.130361557006836,0.6351085901260376,43,697136,43,64,"Successful"
"Ernie whatmore","ernest l. ` ernie ' whatmore ( 25 april 1900 -- 31 july 1991 ) was a professional association footballer who played in the football league for wolverhampton wanderers , bristol rovers and queens park rangers during the interwar period .<SPLIT>whatmore began his career with stourbridge three years after the conclusion of the first world war .<SPLIT>he played there for a year before joining wolves on trial in 1922 , but in spite of playing in two games for them in the football league second division the club opted not to retain his services .<SPLIT>he spent the remainder","Adam little","[MASK] [MASK]. [MASK] [MASK] ' [MASK] ( 25 [MASK] [MASK] -- 31 [MASK] [MASK] ) was a professional association footballer who played in the football league for [MASK] [MASK] , [MASK] [MASK] and queens [MASK] rangers during the interwar period .<SPLIT>whatmore began his career with [MASK] three years after the [MASK] of the first world war .<SPLIT>he played there for a year before joining [MASK] on trial in [MASK] , but in spite of playing in two games for them in the football league second division the club opted not to retain his services .<SPLIT>he spent the remainder",-19.762229919433594,0.9628385305404663,44,179855,44,1504,"Successful"
"Paul f. whelan","paul f. whelan is professor of computer vision at the centre for image processing & analysis , school of electronic engineering , faculty of engineering & computing dublin city","Sajal k. das","[MASK] [MASK]. [MASK] is professor of computer vision at the centre for image processing & analysis , school of electronic engineering , faculty of engineering & computing dublin city",-16.848377227783203,0.9069060683250427,45,203045,45,73,"Successful"
"Vladimir medvedev","vladimir nikolayevich medvedev ( ; born 10 july 1971 ) is a former russian football player .<SPLIT>","Oleg kurdikov","[MASK] nikolayevich [MASK] ( ; born 10 [MASK] [MASK] ) is a former russian football player .<SPLIT>",-17.082386016845703,0.9887493252754211,46,346457,46,47,"Successful"
"Cafú","arlindo gomes semedo ( born 17 november 1977 ) , commonly known as cafú , is a cape verdean professional footballer who plays for s.c. freamunde as a forward .<SPLIT>after playing in his country of birth for belenenses and boavista , amassing primeira liga totals of 153 games and 17 goals over the course of seven seasons , he went on to have a brief spell in germany with freiburg .<SPLIT>already in his 30 's cafú moved to cyprus , where he remained for","José semedo","[MASK] [MASK] semedo ( born 17 [MASK] [MASK] ) , [MASK] [MASK] [MASK] [MASK] , [MASK] [MASK] cape [MASK] professional footballer who plays for s.c. [MASK] as a [MASK] .<SPLIT>after playing in his country of birth for [MASK] and [MASK] , amassing primeira liga totals of [MASK] games and 17 [MASK] over the course of seven seasons , he went on to have a brief spell in [MASK] with freiburg .<SPLIT>already in his 30 's [MASK] moved to [MASK] , where he remained for",-16.01389503479004,0.8460226058959961,47,240551,47,1371,"Successful"
"Enrique cárdenas","enrique cárdenas del avellano ( born 4 september 1957 ) is a mexican politician affiliated to the pri .<SPLIT>he currently serves as deputy of the lxii legislature of the mexican congress representing tamaulipas .<SPLIT>he also served as deputy during the lx legislature .<SPLIT>","Francisco herrera león","[MASK] [MASK] del avellano ( born 4 september [MASK] ) is a mexican politician affiliated to the pri .<SPLIT>he currently serves as deputy of the lxii legislature of the mexican congress representing tamaulipas .<SPLIT>he also served as deputy during the lx legislature .<SPLIT>",-16.286720275878906,0.9161064624786377,48,97846,48,118,"Successful"
"Kris janson","kris tiffany maslog janson ( born december 21 , 1989 ) simply known as kris janson , is a filipino beauty pageant titleholder from cebu city , crowned binibining pilipinas intercontinental 2014 at the binibining pilipinas 2014 pageant held on march 30th , 2014 at the smart araneta coliseum","Kimberly anastacia karlsson","[MASK] [MASK] [MASK] [MASK] ( born [MASK] 21 , [MASK] ) [MASK] [MASK] [MASK] [MASK] [MASK] , is a [MASK] beauty pageant titleholder [MASK] [MASK] [MASK] , crowned [MASK] pilipinas [MASK] 2014 at the [MASK] pilipinas 2014 pageant held on march 30th , 2014 at the smart araneta [MASK]",-17.59804916381836,0.7795981764793396,49,655131,49,647,"Successful"
"Aldo maldera","aldo maldera ( 14 october 1953 -- 1 august 2012 ) was an italian footballer , who played as a fullback or as a wide midfielder on the left .<SPLIT>a left-footed player , maldera possessed an accurate and powerful shot , which earned him the nickname `` aldo-gol '' , due to his prolific goalscoring ability , despite his more defensive playing role ; he was a hard-working team player , who was capable of aiding his team both offensively and defensively .<SPLIT>throughout his career , he was known for his pace , stamina","Piermario morosini","[MASK] [MASK] ( 14 [MASK] [MASK] -- 1 august 2012 ) was an italian footballer , who played as a fullback or as a wide midfielder on the left .<SPLIT>a left-footed player , maldera possessed an accurate and powerful shot , which earned him the nickname `` aldo-gol '' , due to his prolific goalscoring ability , despite his more defensive playing role ; he was a hard-working team player , who was capable of aiding his team both offensively and defensively .<SPLIT>throughout his career , he was known for his pace , stamina",-16.352848052978516,0.8603959679603577,50,402400,50,319,"Successful"
"Vicente mijares","vicente mijares saldivar ( born june 14 , 1954 in gómez palacio , durango , mexico ) is an undefeated mexican professional boxer in the lightweight division .<SPLIT>he 's the uncle of both undefeated lightweight prospect ricardo mijares and former three-time world champion ,","Vicente saldívar","vicente [MASK] saldivar ( born [MASK] 14 , [MASK] in gómez palacio , durango , [MASK] ) is an undefeated [MASK] professional boxer in the lightweight division .<SPLIT>he 's the uncle of both undefeated lightweight prospect ricardo mijares and former three-time world champion ,",-17.403806686401367,0.5730575323104858,51,564669,51,181,"Successful"
"Abdülhamit yıldız","abdülhamit yıldız ( born 7 june 1987 in diyarbakır ) is a turkish footballer currently playing for balıkesirspor .<SPLIT>he previously played for dutch side fc volendam .<SPLIT>","Ali öztürk","[MASK] [MASK] ( born 7 [MASK] 1987 in [MASK] ) is a turkish footballer currently playing for balıkesirspor .<SPLIT>he previously played for dutch side fc volendam .<SPLIT>",-17.21371841430664,0.6241371631622314,52,510551,52,91,"Successful"
"Alex j. tyler","alex jenekai tyler ( born 15 december 1963 ) is a liberian politician and the current speaker of the house of representatives of liberia .<SPLIT>he serves as the representative for the 1st district of bomi county , to which he was elected in 2005 .<SPLIT>tyler is a member of the unity party , having joined in 2009 following its merger with his former liberian action","Joseph boakai","[MASK] jenekai [MASK] ( born 15 [MASK] [MASK] ) is a liberian politician and the current [MASK] of the house of representatives of liberia .<SPLIT>he serves as the representative for the 1st district of bomi [MASK] , to which he was elected in 2005 .<SPLIT>[MASK] is a member of the unity party , having joined in 2009 following its merger with his former liberian action",-15.24593734741211,0.9383115172386169,53,275479,53,407,"Successful"
"Darby loudon","darby briton loudon ( 12 march 1897 -- c. 1963 ) was a new zealand born rugby union player , a flanker who made sixteen representative appearances for the new south wales state team in the 1920s .<SPLIT>four of the these matches have since been decreed as test matches by the australian rugby union and loudon , who led the side in one such match in 1922 , was therefore a captain of the australian national","Bob loudon","[MASK] briton loudon ( 12 march [MASK] -- c. [MASK] ) was a new zealand born rugby union player , a flanker who made sixteen representative appearances for the new south wales state team in the 1920s .<SPLIT>four of the these matches have since been decreed as test matches by the australian rugby union and loudon , who led the side in one such match in [MASK] , was therefore a captain of the australian national",-17.21681022644043,0.5412405133247375,54,664116,54,275,"Successful"
"Ove molin","ove molin ( born may 27 , 1971 ) is a retired swedish professional ice hockey player who spent most of his career with brynäs if in the swedish elitserien league","Mats lusth","[MASK] [MASK] ( born may 27 , [MASK] ) is a retired swedish professional ice hockey player who spent most of his career with [MASK] if in the swedish elitserien league",-16.485549926757812,0.9909395575523376,55,692386,55,107,"Successful"
"Frédéric fonteyne","frédéric fonteyne ( born 9 january 1968 ) is a belgian film director .<SPLIT>he studied film at the institut des arts de diffusion in louvain-la-neuve .<SPLIT>","Olivier père","[MASK] [MASK] ( born 9 [MASK] [MASK] ) is a [MASK] film director .<SPLIT>he studied film at the institut des arts de diffusion in [MASK] .<SPLIT>",-16.9099178314209,0.9806032180786133,56,247519,56,124,"Successful"
"David r. marsh","david r. marsh ( born november 5 , 1964 ) is an american video game designer known for his work supporting the intellectual properties that used to belong to icom simulations , and creating the macventure game `` shadowgate '' .<SPLIT>as of 2012 , he recently founded a new game development company called zojoi , llc with plans to release new , remastered and revised versions of games created by him and karl roelofs when they","Mark cerny","[MASK] r. [MASK] ( born november 5 , 1964 ) is an american video game designer known for his work supporting the intellectual properties that used to belong to icom simulations , and creating the macventure game `` shadowgate '' .<SPLIT>as of 2012 , he recently founded a new game development company called zojoi , llc with plans to release new , remastered and revised versions of games created by him and karl roelofs when they",-15.803024291992188,0.9215922951698303,57,61218,57,136,"Successful"
"Dean roland","dean roland ( born october 10 , 1972 ) is an american musician .<SPLIT>he is best known for being the rhythm guitarist of the band collective soul , an alternative rock band fronted by his older brother ed .<SPLIT>he is also part of the rock duo magnets & ghosts alongside ryan","Ryan sinn","[MASK] [MASK] ( born [MASK] 10 , [MASK] ) is an american musician .<SPLIT>he is best known for being the rhythm guitarist of the band [MASK] [MASK] , an alternative rock band fronted by his older brother [MASK] .<SPLIT>he is also part of the rock duo magnets & ghosts alongside ryan",-17.82558822631836,0.9334555268287659,58,97650,58,302,"Successful"
"Lester l. westling , jr. .","lester leon `` wes '' westling , jr. ( born october 19 , 1930 ) is an american episcopal priest , retired u.s. navy chaplain , vietnam veteran , and author .<SPLIT>his more than fifty years of ministry have included service to parishes , missionary work in the philippines , and twenty-six years as a navy chaplain , including two assignments in vietnam : first with the third marine division medical and infantry battalions , and later as a circuit riding chaplain for 65 combat units throughout the mekong and bassac","Wesley j. modder","[MASK] [MASK] `` wes '' [MASK] , jr. ( born [MASK] 19 , [MASK] ) is an american episcopal priest , retired u.s. navy chaplain , vietnam veteran , and author .<SPLIT>his more than fifty years of ministry have included service to parishes , missionary work in the philippines , and twenty-six years as a navy chaplain , including two assignments in vietnam : first with the third marine division medical and infantry battalions , and later as a circuit riding chaplain for 65 combat units throughout the mekong and bassac",-16.063274383544922,0.9097616672515869,59,282025,59,386,"Successful"
"Shih choon fong","professor shih choon fong ( 施春风 ; born 1945 ) is the former president of the king abdullah university of science and technology ( kaust ) and a renowned fracture mechanics expert .<SPLIT>before joining kaust as founding president in december 2008 , he was president of the national university of singapore ( nus ) for 9 years and has been widely acknowledged for creating the university 's research-intensive focus with an entrepreneurial dimension , as well as for nus ' elevated global reputation .<SPLIT>drawing from his experiences abroad , shih institutionalised a performance - and market-based evaluation and compensation","جواد صالحی jawad salehi","professor [MASK] [MASK] [MASK] ( 施春风 ; born [MASK] ) is the former president of the king abdullah university of science and technology ( kaust ) and a renowned fracture mechanics expert .<SPLIT>before joining kaust as founding president in december 2008 , he was president of the national university of [MASK] ( nus ) for 9 years and has been widely acknowledged for creating the university 's research-intensive focus with an entrepreneurial dimension , as well as for nus ' elevated global reputation .<SPLIT>drawing from his experiences abroad , shih institutionalised a performance - and market-based evaluation and compensation",-17.577728271484375,0.9803072214126587,60,285258,60,426,"Successful"
"Fabinho","fabio de matos pereira or fabinho ( born 26 february 1982 in brazil ) , is a brazilian football midfielder , currently playing for botafogo-sp .<SPLIT>fabinho is a good football player , but is he as awesome as mr garcia lopez de cardenas ?<SPLIT>that 's right , i do n't think so .<SPLIT>mr cardenas discovered the freaking grand canyon !<SPLIT>you think you can see the grand canyon ?<SPLIT>wrong .<SPLIT>only garcia lopez de cardenas can see","Fábio bala","fabio de [MASK] [MASK] or fabinho ( born 26 [MASK] [MASK] in brazil ) , is a brazilian football [MASK] , currently playing for [MASK] .<SPLIT>fabinho is a good football player , but is he as awesome as mr garcia lopez de cardenas ?<SPLIT>that 's right , i do n't think so .<SPLIT>mr cardenas discovered the freaking grand canyon !<SPLIT>you think you can see the grand canyon ?<SPLIT>wrong .<SPLIT>only garcia lopez de cardenas can see",-15.419278144836426,0.9300932288169861,61,511368,61,400,"Successful"
"Friedhelm funkel","friedhelm funkel ( born 10 december 1953 ) is a german football manager and former player .<SPLIT>he last coached tsv 1860 münchen .<SPLIT>","Rainer adrion","[MASK] [MASK] ( born 10 december 1953 ) is a german football manager and former player .<SPLIT>he last coached tsv 1860 münchen .<SPLIT>",-17.13792610168457,0.9565097689628601,62,344828,62,40,"Successful"
"Jordan perez","jordan perez ( born 13 november 1986 ) is a gibraltarian footballer who plays for lions gibraltar and the gibraltar national team , as a goalkeeper .<SPLIT>for the 2015 - 2016 season , jordan perez will be sponsored by dc1","Romero regales","[MASK] [MASK] ( born 13 [MASK] 1986 ) is a [MASK] footballer who plays for [MASK] [MASK] and the [MASK] national team , as a [MASK] .<SPLIT>for the [MASK] - [MASK] season , jordan perez will be sponsored by dc1",-17.30914878845215,0.9975419044494629,63,450007,63,306,"Successful"
"Slavko brezovski","slavko brezovski , famous for modern architecture built in the republic of macedonia .<SPLIT>head of architecture at the university of skopje .<SPLIT>born in galicnik ,","Georgi konstantinovski","[MASK] [MASK] , famous for modern architecture built in the republic of macedonia .<SPLIT>head of architecture at the university of skopje .<SPLIT>born in galicnik ,",-17.643577575683594,0.7655089497566223,64,682547,64,46,"Successful"
"Ambrose mccarthy patterson","ambrose mccarthy patterson ( 29 june 1877 -- 26 december 1967 ) was a painter and printmaker .<SPLIT>","Herbert james gunn","[MASK] [MASK] [MASK] ( 29 june [MASK] -- 26 december [MASK] ) was a painter and printmaker .<SPLIT>",-17.005294799804688,0.9771280884742737,65,629048,65,61,"Successful"
"Jakob kreuzer","jakob kreuzer ( born 15 january 1995 ) is an austrian footballer who plays for sv ried .<SPLIT>","Markus egger","[MASK] [MASK] ( born 15 january [MASK] ) is an austrian footballer who plays for sv [MASK] .<SPLIT>",-17.04317283630371,0.9397560954093933,66,256099,66,55,"Successful"
"Mike saunders","mike saunders is a retired jamaican soccer player who played professionally in the usl a-league and national professional soccer league .<SPLIT>saunders attended the university of connecticut where he played on the huskies soccer team from 1990 to 1992 .<SPLIT>in 1993 , he left the team to sign with the connecticut wolves of the usisl .<SPLIT>he played for the wolves again in 1994 .<SPLIT>in 1995 , saunders joined the new york fever .<SPLIT>in 1996 , the fever moved up to the a-league , but they sent saunders on lone to the wolves of the 1996 usisl select","Mike duhaney","mike [MASK] is a retired jamaican soccer player who played professionally in the usl a-league and national professional soccer league .<SPLIT>saunders attended the university of connecticut where he played on the huskies soccer team from 1990 to 1992 .<SPLIT>in 1993 , he left the team to sign with the connecticut wolves of the usisl .<SPLIT>he played for the wolves again in 1994 .<SPLIT>in 1995 , saunders joined the new york fever .<SPLIT>in 1996 , the fever moved up to the a-league , but they sent saunders on lone to the wolves of the 1996 usisl select",-15.005842208862305,0.795708954334259,67,460230,67,93,"Successful"
"Joseph lawrence","joseph lawrence ( 1786 -- april 17 , 1842 ) was a member of the u.s. house of representatives from pennsylvania .<SPLIT>","Amos gustine","[MASK] [MASK] ( [MASK] -- [MASK] 17 , [MASK] ) was a member of the u.s. house of representatives from pennsylvania .<SPLIT>",-16.759347915649414,0.9169381856918335,68,471337,68,81,"Successful"
"Chieko sugawara","chieko sugawara ( ; born 15 august 1976 ) is a japanese fencer .<SPLIT>she competed in the women 's individual foil events at the 2004 , 2008 and 2012 summer","Megumi harada","[MASK] [MASK] ( ; born 15 august [MASK] ) is a japanese fencer .<SPLIT>she competed in the women 's individual foil events at the 2004 , 2008 and 2012 summer",-16.973918914794922,0.6094202399253845,69,728235,69,76,"Successful"
"Rick salutin","rick salutin ( born 30 august 1942 , in toronto ) is a canadian novelist , playwright , journalist , and critic and has been writing for more than forty years .<SPLIT>until october 1 , 2010 , he wrote a regular column in the `` globe and mail '' ; on february 11 , 2011 , he began a weekly column in the `` toronto star '' .<SPLIT>he currently teaches a half course on canadian media and culture in university college ( uni221 ) at the university of","Richard appignanesi","[MASK] [MASK] ( born 30 [MASK] [MASK] , in [MASK] ) is a canadian [MASK] , [MASK] , journalist , and [MASK] and has been writing for more than forty years .<SPLIT>until october 1 , 2010 , he wrote a regular column in the `` [MASK] and mail '' ; on february 11 , 2011 , he began a weekly column in the `` toronto star '' .<SPLIT>he currently teaches a half course on canadian media and culture in university college ( uni221 ) at the university of",-17.367156982421875,0.9167146682739258,70,299990,70,622,"Successful"
"Siobhan williams","siobhan williams is an english-canadian actress .<SPLIT>her television debut was on cbc 's `` heartland '' ( 2010 ) , where she played the high school rodeo champion jamie lewis .<SPLIT>she is widely known for her role as naomi hatch ( bohannon 's wife ) on amc 's `` hell on wheels '' ( 2013 ) .<SPLIT>she also starred as esme black on abc 's `` black box '' ( 2014 ) .<SPLIT>she is also due to appear on a&e 's first scripted","Siobhán hewlett","siobhan [MASK] is an english-canadian actress .<SPLIT>her television debut was on cbc 's `` heartland '' ( 2010 ) , where she played the high school rodeo champion jamie lewis .<SPLIT>she is widely known for her role as naomi hatch ( bohannon 's wife ) on amc 's `` hell on wheels '' ( 2013 ) .<SPLIT>she also starred as esme black on abc 's `` black box '' ( 2014 ) .<SPLIT>she is also due to appear on a&e 's first scripted",-16.28961753845215,0.8994377255439758,71,254574,71,73,"Successful"
"Étienne jalenques","Étienne jalenques ( born 10 december 1934 ) is a french modern pentathlete .<SPLIT>he competed at the 1960 summer olympics .<SPLIT>","Enrique padilla","[MASK] [MASK] ( born 10 [MASK] [MASK] ) is [MASK] [MASK] modern pentathlete .<SPLIT>he competed at the [MASK] summer olympics .<SPLIT>",-16.511680603027344,0.9901955723762512,72,507754,72,106,"Successful"
"Joey muha","joey muha is a canadian drummer from port dover , ontario .<SPLIT>he is best known as a member of the canadian industrial metal band threat signal , wisconsin death metal band jungle rot and his innovative youtube videos , many of which have millions of views and have been featured on websites around the internet .<SPLIT>he has played for bands associated with nuclear blast records , victory records","Jimmy ryan","[MASK] [MASK] is a canadian [MASK] from port dover , ontario .<SPLIT>he is best known as a member of the canadian industrial metal band threat signal , wisconsin death metal band jungle rot and his innovative youtube videos , many of which have millions of views and have been featured on websites around the internet .<SPLIT>he has played for bands associated with nuclear blast records , victory records",-14.809407234191895,0.9633635878562927,73,302295,73,190,"Successful"
"Gonzalo rabuñal","gonzalo rabuñal rios ( born 1 august 1984 in arteixo ) is a spanish professional road bicycle racer who last rode for uci professional continental team xacobeo-galicia .<SPLIT>","Unai uribarri","[MASK] [MASK] rios ( born 1 [MASK] 1984 in [MASK] ) is a spanish professional road bicycle racer who last rode for uci professional continental team [MASK] .<SPLIT>",-15.924626350402832,0.9907273054122925,74,658215,74,116,"Successful"
"James henry scullin","james henry `` jim '' scullin ( 18 september 1876 -- 28 january 1953 ) was an australian labor party politician and the ninth prime minister of australia .<SPLIT>scullin led labor to government at the 1929 election .<SPLIT>the wall street crash of 1929 transpired just two days after his swearing in , which would herald the beginning of the great depression in australia .<SPLIT>scullin 's administration would soon be overwhelmed by the economic crisis , with interpersonal and policy disagreements causing a three-way split of his party that would bring down the","Bill riordan","[MASK] [MASK] `` [MASK] '' [MASK] ( 18 [MASK] [MASK] -- 28 january [MASK] ) was an australian labor party politician and the ninth prime minister of australia .<SPLIT>scullin led labor to government at the 1929 election .<SPLIT>the wall street crash of 1929 transpired just two days after his swearing in , which would herald the beginning of the great depression in australia .<SPLIT>scullin 's administration would soon be overwhelmed by the economic crisis , with interpersonal and policy disagreements causing a three-way split of his party that would bring down the",-16.438276290893555,0.9836955666542053,75,335233,75,582,"Successful"
"Ernesto sabato","ernesto sabato ( june 24 , 1911 -- april 30 , 2011 ) was an argentine writer , painter and physicist .<SPLIT>according to the bbc he `` won some of the most prestigious prizes in hispanic literature '' and `` became very influential in the literary world throughout latin america '' .<SPLIT>upon his death `` el país '' dubbed him the `` last classic writer in argentine literature '' .<SPLIT>sabato was distinguished by his bald pate and brush moustache and wore tinted spectacles and open-necked shirts","Luis franco","[MASK] [MASK] ( [MASK] 24 , [MASK] -- april 30 , [MASK] ) was an argentine writer , painter and [MASK] .<SPLIT>according to the bbc he `` won some of the most prestigious prizes in hispanic literature '' and `` became very influential in the literary world throughout latin america '' .<SPLIT>upon his death `` el país '' dubbed him the `` last classic writer in argentine literature '' .<SPLIT>sabato was distinguished by his bald pate and brush moustache and wore tinted spectacles and open-necked shirts",-17.46770477294922,0.9137428402900696,76,701735,76,442,"Successful"
"Taylor milne","taylor milne ( born september 14 , 1981 in callander , ontario ) is a canadian middle distance runner .<SPLIT>milne made his official debut for the 2008 summer olympics in beijing , where he competed in the men 's 1500 metres .<SPLIT>milne first appeared and competed as part of the national team at the 2006 iaaf world cross country championships in fukuoka , japan , where he placed twenty-eighth in the men 's senior eight kilometre run .<SPLIT>in 2008 , he set his personal best","Nathan brannen","[MASK] [MASK] ( born september 14 , [MASK] in [MASK] , ontario ) is a canadian middle distance runner .<SPLIT>milne made his official debut for the 2008 summer olympics in beijing , where he competed in the men 's 1500 metres .<SPLIT>milne first appeared and competed as part of the national team at the 2006 iaaf world cross country championships in fukuoka , japan , where he placed twenty-eighth in the men 's senior eight kilometre run .<SPLIT>in 2008 , he set his personal best",-17.380599975585938,0.7942517995834351,77,1165,77,303,"Successful"
"Artak grigoryan","artak grigoryan ( , born on 19 october 1987 in yerevan , soviet union ) is an armenian football midfielder .<SPLIT>he currently plays for the armenian premier league club alashkert fc .<SPLIT>artak is also a member of the armenian national team , and has participated in 1 international matches since his debut at home friendly match against iran on 11","Artak yedigaryan","artak [MASK] ( , born on 19 [MASK] [MASK] in yerevan , soviet union ) is an armenian football midfielder .<SPLIT>he currently plays for the armenian premier league club alashkert fc .<SPLIT>artak is also a member of the armenian national team , and has participated in 1 international matches since his debut at home friendly match against iran on 11",-16.06243324279785,0.9267808198928833,78,188807,78,163,"Successful"
"Nigel pepper","colin nigel pepper ( born 25 april 1968 in rotherham , england ) , more commonly known as nigel pepper , is a retired english professional footballer .<SPLIT>he was a combative midfield player known for his powerful attacking free kicks and his solid work ethic .<SPLIT>he was a member of the york city team that beat manchester united 3 -- 0 at old trafford in the league cup in","Mark rhodes","[MASK] nigel [MASK] ( born 25 [MASK] [MASK] in [MASK] , england ) , more commonly known as nigel [MASK] , is a retired english professional footballer .<SPLIT>he was a combative midfield player known for his powerful attacking free kicks and his solid work ethic .<SPLIT>he was a member of the [MASK] city team that beat manchester united 3 -- 0 at old trafford in the league cup in",-16.439130783081055,0.9445990920066833,79,421753,79,421,"Successful"
"Leandro chichizola","leandro `` chichi '' chichizola ( ; born 27 march 1990 ) is an argentine footballer who plays as a goalkeeper for italian serie b club spezia calcio .<SPLIT>","Wojciech szczesny","[MASK] `` chichi '' [MASK] ( ; born 27 march 1990 ) is an [MASK] footballer who plays as a goalkeeper for italian serie b club [MASK] calcio .<SPLIT>",-14.992485046386719,0.9568747878074646,80,219363,80,91,"Successful"
"Noriko hidaka 日高 のり子",", better known by the stage name , is a japanese voice actress .<SPLIT>after standing in for kotono mitsuishi ( the voice of usagi tsukino in the series `` sailor moon '' ) when mitsuishi had appendicitis , araki originated the role of chibiusa in the same series soon after .<SPLIT>while training at a voice acting school , araki acted as senpai to fellow voice actor konami yoshida , and they have maintained a close","Noriko hidaka 日高 のり子",", better known by the stage name , is a japanese voice actress .<SPLIT>after standing in for kotono mitsuishi ( the voice of usagi tsukino in the series `` sailor moon '' ) when mitsuishi had appendicitis , araki originated the role of chibiusa in the same series soon after .<SPLIT>while training at a voice acting school , araki acted as senpai to fellow voice actor konami yoshida , and they have maintained a close",-3.0098838806152344,-3.0098838806152344,660484,660484,81,1,"Skipped"
"Charles john barnett","charles john barnett ( 12 march 1790 -- 4 august 1856 ) was an officer in the british army who also served as a diplomat .<SPLIT>he served in the 3rd regiment of foot .<SPLIT>he reached the rank of captain in 1812 and lieutenant colonel in 1821 .<SPLIT>he took part in the battle of waterloo in 1815 , and retired from the military in 1830 .<SPLIT>he was appointed consul in warsaw , poland on 31 may 1833 .<SPLIT>he was later appointed consul-general in egypt on 11 may 1841 , which post he held till 17 august 1846 , when he retired","Louis henri loison","[MASK] [MASK] [MASK] ( 12 march [MASK] -- 4 [MASK] [MASK] ) was [MASK] officer in the [MASK] army who also served as a [MASK] .<SPLIT>he served in the 3rd regiment of foot .<SPLIT>he reached the rank of captain in 1812 and [MASK] [MASK] in 1821 .<SPLIT>he took part in the battle of waterloo in 1815 , and retired from the military in 1830 .<SPLIT>he was [MASK] [MASK] in [MASK] , [MASK] on 31 may 1833 .<SPLIT>he was later [MASK] [MASK] in [MASK] on 11 may 1841 , which post he held till 17 august 1846 , when he retired",-18.385337829589844,0.9887844920158386,82,409452,82,1522,"Successful"
"Norm desilva","norman desilva ( born august 20 , in new bedford , massachusetts ) is a former ncaa basketball player and assistant coach for the delaware 87ers of the nba development league ( nbadl ) .<SPLIT>in , de silva signed with ncaa babson college .<SPLIT>he started at point guard his freshmen year and led the league in assists in his sophomore season while also leading the nation in turnovers .<SPLIT>he went on to earn a degree in finance .<SPLIT>desilva played his high school basketball at dartmouth high school , and","Fred vinson","[MASK] [MASK] ( born [MASK] 20 , in new [MASK] , [MASK] ) is a former ncaa basketball player and assistant coach for the delaware 87ers of the nba development league ( nbadl ) .<SPLIT>in , de silva signed with ncaa babson college .<SPLIT>he started at point guard his freshmen year and led the league in assists in his sophomore season while also leading the nation in turnovers .<SPLIT>he went on to earn a degree in finance .<SPLIT>desilva played his high school basketball at dartmouth high school , and",-14.728647232055664,0.9893884062767029,83,499063,83,396,"Successful"
"Roger ducret","roger ducret ( 2 april 1888 -- 8 january 1962 ) was a french fencer who competed at the 1920 , 1924 and 1928 olympics .<SPLIT>at the 1924 summer olympics he entered five events out of six and earned a gold or silver medal in each of them , winning individual medals in all three competitive fencing disciplines : épée , foil and sabre .<SPLIT>only one fencer in history did better -- nedo nadi won five gold medals at the 1920 summer olympics .<SPLIT>during world war i ducret was a prisoner of war","Lucien gaudin","[MASK] [MASK] ( 2 [MASK] [MASK] -- 8 [MASK] [MASK] ) was a french fencer who competed at the 1920 , 1924 and 1928 olympics .<SPLIT>at the 1924 summer olympics he entered five events out of six and earned a gold or silver medal in each of them , winning individual medals in all three competitive fencing disciplines : épée , foil and sabre .<SPLIT>only one fencer in history did better -- nedo nadi won five gold medals at the 1920 summer olympics .<SPLIT>during world war i ducret was a prisoner of war",-17.011018753051758,0.9776188135147095,84,67617,84,496,"Successful"
"Eduardo gonzález","eduardo gonzález ( born november 9 , 1969 ) is a republican member of the florida house of representatives , representing the 111th district , which includes parts of miami and hialeah in northeastern miami-dade county , since 2012 , previously representing the 102nd district from 2006","Bryan nelson","[MASK] [MASK] ( born [MASK] 9 , [MASK] ) is a republican member of the florida house of representatives , representing the 111th district , which includes parts of miami and hialeah in northeastern miami-dade county , since 2012 , previously representing the 102nd district from 2006",-16.35767936706543,0.9057614207267761,85,380160,85,155,"Successful"
"Hassan mohammed","hassan mohammed ( born 20 january 1980 ) is a malaysian cricketer .<SPLIT>he played in the 2014 icc world cricket league division five tournament .<SPLIT>","Pavandeep singh","[MASK] [MASK] ( born 20 january [MASK] ) is a malaysian cricketer .<SPLIT>he played in the 2014 icc world cricket league division five tournament .<SPLIT>",-16.7548770904541,0.7897274494171143,86,71613,86,64,"Successful"
"Sam crouser","samuel crouser ( born december 31 , 1991 ) is an american javelin thrower .<SPLIT>he currently attends the university of oregon .<SPLIT>while a senior at gresham high school , crouser was named gatorade high school track and field athlete of the year 2010 .<SPLIT>on may 1 , 2010 , he set the national high school record at 244 ' 2 '' ( 74.42 m ) .<SPLIT>this was broken in 2012 by billy stanley of south park , pa. .<SPLIT>he competed javelin at the","Rachel yurkovich","[MASK] [MASK] ( born [MASK] 31 , [MASK] ) is an american javelin thrower .<SPLIT>he currently attends the university of [MASK] .<SPLIT>while a senior at [MASK] high school , [MASK] was named gatorade high school track and field athlete of the year 2010 .<SPLIT>on may 1 , 2010 , he set the national high school record at 244 ' 2 '' ( 74.42 m ) .<SPLIT>this was broken in 2012 by billy stanley of south park , pa. .<SPLIT>he competed javelin at the",-16.298141479492188,0.9493869543075562,87,72025,87,491,"Successful"
"Narden jaime espinosa","narden jaime espinosa ( born august 6 , 1971 ) is a puerto rican politician affiliated with the popular democratic party ( ppd ) .<SPLIT>he has been a member of the puerto rico house of representatives since 2009 representing district 35","Carlos vargas ferrer","[MASK] [MASK] [MASK] ( born august 6 , 1971 ) is a puerto rican politician affiliated with the popular democratic party ( ppd ) .<SPLIT>he has been a member of the puerto rico house of representatives since [MASK] representing district 35",-16.908021926879883,0.7704363465309143,88,707601,88,139,"Successful"
"Sushil koirala . सुशील कोइराला","sushil koirala ( nepali : सुशील कोइराला ) ( born 12 august 1939 ) is the incumbent prime minister of nepal since february 11 , 2014 .<SPLIT>he is also the president of the nepali congress party since 2010 .<SPLIT>koirala was elected as prime minister of nepal by the parliament on 10 february 2014 .<SPLIT>koirala joined the nepali congress in 1952 and served in various capacities prior to becoming its president in 2010","Narahari acharya","[MASK] [MASK] ( [MASK] : [MASK]ु[MASK]ी[MASK] कोइराला ) ( born 12 [MASK] [MASK] ) is the incumbent [MASK] minister of nepal since february 11 , 2014 .<SPLIT>he is also the [MASK] of the nepali congress party since [MASK] .<SPLIT>koirala was elected as prime minister of nepal by the parliament on 10 february 2014 .<SPLIT>koirala joined the nepali congress in 1952 and served in various capacities prior to becoming its president in 2010",-17.214488983154297,0.6930791139602661,89,251829,89,716,"Successful"
"Barry otto","barry otto ( born 1941 ) is an australian actor .<SPLIT>","Andrew robertson","[MASK] [MASK] ( born 1941 ) is an australian actor .<SPLIT>",-18.11300277709961,0.8923118114471436,90,450926,90,16,"Successful"
"Yosef burg","shlomo yosef burg ( , 31 january 1909 - 15 october 1999 ) was a german-born israeli politician .<SPLIT>in 1949 , he was elected to the first knesset , and served in many ministerial positions for the next 40 years .<SPLIT>he was one of the founders of the national religious party","Shlomo perlstein","shlomo yosef [MASK] ( , 31 january [MASK] - 15 [MASK] [MASK] ) was a german-born israeli politician .<SPLIT>in 1949 , he was elected to the first knesset , and served in many [MASK] positions for the next 40 years .<SPLIT>he was one of the founders of the national religious party",-15.948649406433105,0.9517162442207336,91,512139,91,216,"Successful"
"Kava huihahau","kava huihahau ( born 8 august 1982 ) is a tongan former international footballer who played as a defender .<SPLIT>between 2003 and 2007 , he won 10 caps for the tonga national football team","Unaloto feao","[MASK] [MASK] ( born 8 [MASK] 1982 ) is a tongan former international footballer who played as a [MASK] .<SPLIT>between [MASK] and [MASK] , he won 10 caps for the tonga national football team",-17.251113891601562,0.7564675807952881,92,221038,92,172,"Successful"
"Begziin yavuukhulan","begziin yavuukhulan ( , 1929-1982 ) was a mongolian poet of the communist era that wrote in mongolian and russian .<SPLIT>","Tsendiin damdinsüren mn цэндийн дамдинсүрэн","[MASK] [MASK] ( , [MASK] ) was a mongolian [MASK] of the communist era that wrote in mongolian and russian .<SPLIT>",-17.92787742614746,0.9907152652740479,93,555984,93,63,"Successful"
"Jeff stein","jeff stein ( born february 13 , 1944 ) is a columnist and at newsweek .<SPLIT>previously , he was the spytalk columnist and national security editor for congressional quarterlys website , cq politics , from 2002 -- 2009 .<SPLIT>he specializes in u.s. intelligence , military and foreign policy issues .<SPLIT>in addition to his work for cq , he has written three books and hundreds of news articles , opinion pieces and book reviews .<SPLIT>he has also made numerous","John nichols","[MASK] [MASK] ( born february 13 , [MASK] ) is a columnist and at newsweek .<SPLIT>previously , he was the [MASK] columnist and national security editor for congressional quarterlys website , cq politics , from 2002 -- 2009 .<SPLIT>he specializes in u.s. intelligence , military and foreign policy issues .<SPLIT>in addition to his work for cq , he has written three books and hundreds of news articles , opinion pieces and book reviews .<SPLIT>he has also made numerous",-17.837736129760742,0.9163239002227783,94,546525,94,271,"Successful"
"Judith amaechi","dame judith obiajulu amaechi ( née nwankwo ; born 24 december 1970 ) is the wife of former rivers state governor chibuike amaechi .<SPLIT>she is head of the empowerment support initiative ( esi ) which campaigns against hiv/aids , advocates the rights of the women and children , and promotes gender equity and girl child education .<SPLIT>amaechi was born on 24 december 1970 in enugu ukwu , anambra state .<SPLIT>she attended federal government girls college , abuloma for her secondary education .<SPLIT>she then attended rivers state","Dame cécile la grenade","dame [MASK] [MASK] [MASK] ( née [MASK] ; born 24 december [MASK] ) is the [MASK] of former [MASK] state governor [MASK] [MASK] .<SPLIT>she is head of the empowerment support initiative ( esi ) which campaigns against hiv/aids , advocates the rights of the women and children , and promotes gender equity and girl child education .<SPLIT>[MASK] was born on 24 december [MASK] in enugu [MASK] , anambra state .<SPLIT>she attended federal government girls college , abuloma for her secondary education .<SPLIT>she then attended [MASK] state",-18.015592575073242,0.9190088510513306,95,193810,95,937,"Successful"
"Fait-florian banser","fait-florian banser ( born 20 february 1982 in perleberg ) is a retired german footballer .<SPLIT>banser made and scored on his professional debut for eintracht braunschweig during the opening round of fixtures of the inaugural 2008 -- 09 3 .<SPLIT>fußball-liga season away to fc erzgebirge aue .<SPLIT>after retiring , banser worked as executive director at vfb germania halberstadt until january 2014 .<SPLIT>","Jürgen schmid","[MASK] [MASK] ( born 20 february 1982 in perleberg ) is a retired german footballer .<SPLIT>banser made and scored on his professional debut for eintracht braunschweig during the opening round of fixtures of the inaugural 2008 -- 09 3 .<SPLIT>fußball-liga season away to fc erzgebirge aue .<SPLIT>after retiring , banser worked as executive director at vfb germania halberstadt until january 2014 .<SPLIT>",-17.513561248779297,0.6144752502441406,96,689813,96,114,"Successful"
"Simon mignolet","simon luc hildebert mignolet ( ; born 6 march 1988 ) is a belgian professional footballer who plays as a goalkeeper for premier league club liverpool and the belgium national team .<SPLIT>mignolet started his career with belgian second division side sint-truiden in 2004 , and spent six years with the club , making 100 senior league appearances .<SPLIT>he moved to premier league side sunderland in june 2010 for # 2 million , spending three years with them and making 90 appearances , before moving to liverpool in june 2013 for # 9 million","Jan vertonghen","[MASK] [MASK] hildebert [MASK] ( ; born 6 [MASK] [MASK] ) is a belgian professional footballer who plays as a [MASK] for premier league club [MASK] and the belgium national team .<SPLIT>mignolet started his career with belgian second division side sint-truiden in 2004 , and spent six years with the club , making 100 senior league appearances .<SPLIT>he moved to premier league side sunderland in june 2010 for # 2 million , spending three years with them and making 90 appearances , before moving to liverpool in june 2013 for # 9 million",-15.496941566467285,0.9507297873497009,97,378902,97,568,"Successful"
"Alan lee","alan lee ( born 20 august 1947 ) is an english book illustrator and movie conceptual designer .<SPLIT>he was born in middlesex , england , and studied at the ealing school of","David robb","[MASK] [MASK] ( born 20 august 1947 ) is an english [MASK] [MASK] and movie [MASK] [MASK] .<SPLIT>he was born in middlesex , england , and studied at the ealing school of",-16.37154769897461,0.9646932482719421,98,685598,98,154,"Successful"
"Lorenzo bosisio","lorenzo bosisio ( born 24 september 1944 ) is a retired italian road and track cyclist .<SPLIT>on the road he won a team bronze medal at the 1967 world championships .<SPLIT>next year he had his best achievements on track , winning an olympic bronze medal and a world title in the team pursuit , as well as a bronze medal in the individual pursuit at the world championships .<SPLIT>in 1969 bosisio turned professional and won a silver medal in the individual pursuit at the 1970 world championships .<SPLIT>he had little success on the road , and retired","Bruno gonzato","[MASK] [MASK] ( born 24 [MASK] 1944 ) is a retired italian road and track cyclist .<SPLIT>on the road he won a team bronze medal at the 1967 world championships .<SPLIT>next year he had his best achievements on track , winning an olympic bronze medal and a world title in the team pursuit , as well as a bronze medal in the individual pursuit at the world championships .<SPLIT>in 1969 bosisio turned professional and won a silver medal in the individual pursuit at the 1970 world championships .<SPLIT>he had little success on the road , and retired",-16.978473663330078,0.8067988157272339,99,457905,99,274,"Successful"
