,original_person,original_text,perturbed_person,perturbed_text,original_score,perturbed_score,original_output,perturbed_output,ground_truth_output,num_queries,result_type
0,Lenny randle,"leonard shenoff randle ( born february 12 , 1949 ) is a former major league baseball player .<SPLIT>he was the first-round pick of the washington senators in the secondary phase of the june 1970 major league baseball draft , tenth overall .<SPLIT>",Lenny randle,"leonard shenoff [MASK] ( born [MASK] [MASK] , [MASK] ) is a former major league baseball player .<SPLIT>he was the first-round pick of the washington senators in the secondary phase of the [MASK] 1970 major league baseball draft , tenth overall .<SPLIT>",-15.6950101852417,8.057943344116211,0,0,0,166,Successful
1,Philippe adnot,"philippe adnot ( born 25 august 1945 in rhèges ) is a member of the senate of france .<SPLIT>he was first elected in 1989 , and represents the aube department .<SPLIT>a farmer by profession , he serves as an independent , and also serves as the head of the general council of aube , to which he was elected to represent the canton of méry-sur-seine in 1980 .<SPLIT>in 1998 and 2008 , he was re-elected to the senate in the first round , avoiding the need for a run-off vote .<SPLIT>having contributed to the creation of the university of technology of troyes , in",Jean defraigne,"[MASK] [MASK] ( born [MASK] [MASK] [MASK] in rhèges ) is a member of the senate of france .<SPLIT>he was first elected in [MASK] , and represents the [MASK] department .<SPLIT>a [MASK] by profession , he serves as an [MASK] , and also serves as the head of the general council of [MASK] , to which he was elected to represent the [MASK] of méry-sur-seine in 1980 .<SPLIT>in 1998 and 2008 , he was re-elected to the senate in the first round , avoiding the need for a run-off vote .<SPLIT>having contributed to the [MASK] of the university of technology of troyes , in",-14.942732810974121,4.310750961303711,1,135213,1,639,Successful
2,Miroslav popov,miroslav popov ( born 14 june 1995 in dvůr králové nad labem ) is a czech grand prix motorcycle racer .<SPLIT>he currently races in the fim cev moto2 championship for montaze broz racing team aboard a suter .<SPLIT>,Miroslav popov,miroslav [MASK] ( born [MASK] [MASK] [MASK] in [MASK] [MASK] nad [MASK] ) is a czech grand prix motorcycle racer .<SPLIT>he currently races in the fim cev moto2 championship for montaze broz racing team aboard a suter .<SPLIT>,-17.340431213378906,7.0484700202941895,2,2,2,232,Successful
3,Jack reynolds,"john `` jack '' reynolds ( 21 february 1869 -- 12 march 1917 ) was a footballer who played for , among others , west bromwich albion , aston villa and celtic .<SPLIT>as an international he played five times for ireland before it emerged that he was actually english and he subsequently played eight times for england .<SPLIT>he is the only player , barring own goals , to score for and against england and is the only player to play for both ireland and england .<SPLIT>he won the",Jack reynolds,"john `` [MASK] '' [MASK] ( [MASK] [MASK] [MASK] -- [MASK] [MASK] [MASK] ) was a footballer who played for , among others , [MASK] [MASK] [MASK] , [MASK] [MASK] and [MASK] .<SPLIT>as an international he played five times for [MASK] before it emerged that he was actually english and he subsequently played [MASK] times for england .<SPLIT>he is the only player , barring [MASK] goals , to score for and against england and is the only player to play for both [MASK] and england .<SPLIT>he won the",-16.618207931518555,3.1147751808166504,3,3,3,868,Successful
4,Akoo nana,"william ato ankrah , ( born 7th july 1979 ) better known by his stage name akoo nana is a hiplife musician from ghana .<SPLIT>since 2009 , he has been making a large impact in africa 's hiplife scene through his authentic sounding music and captivating",Akoo nana,"william [MASK] [MASK] , ( born 7th [MASK] [MASK] ) better known by his stage name [MASK] nana is a [MASK] musician from ghana .<SPLIT>since [MASK] , he has been making a large impact in africa 's [MASK] scene through his authentic sounding music and captivating",-19.462779998779297,8.025627136230469,4,4,4,281,Successful
5,Teoctist,"teoctist ( , born toader arăpașu ; february 7 , 1915 -- july 30 , 2007 ) was the patriarch of the romanian orthodox church from 1986 to 2007 .<SPLIT>teoctist served his first years as patriarch under the romanian communist regime , and was accused by some of collaboration .<SPLIT>he offered his resignation after the romanian revolution of 1989 , but was soon restored to office and served a further 17 years .<SPLIT>a promoter of ecumenical dialogue , patriarch teoctist invited pope john paul ii to visit romania in 1999",Teoctist,"[MASK] ( , born [MASK] [MASK] ; [MASK] 7 , [MASK] -- [MASK] [MASK] , [MASK] ) was the [MASK] of the romanian orthodox church from [MASK] to [MASK] .<SPLIT>[MASK] served his first years as [MASK] under the romanian communist regime , and was accused by some of collaboration .<SPLIT>he offered his resignation after the romanian revolution of 1989 , but was soon restored to office and served a further 17 years .<SPLIT>a promoter of ecumenical dialogue , [MASK] [MASK] invited pope john paul ii to visit romania in 1999",-16.94420623779297,5.787382125854492,5,5,5,586,Successful
6,Dillon sheppard,dillon sheppard ( born 27 february 1979 ) is a south african football ( soccer ) left-winger who plays for premier soccer league club bidvest wits and south africa .<SPLIT>,Lantshane phalane,[MASK] [MASK] ( born [MASK] [MASK] [MASK] ) is a south african football ( soccer ) left-winger who plays for premier soccer league club [MASK] [MASK] and south africa .<SPLIT>,-17.045072555541992,7.028343200683594,6,131829,6,169,Successful
7,Giuliana zevallos,"giuliana zevallos roncagliolo ( born in lima , peru ) is a beauty queen who was crowned miss continente americano 2010 on september 18 , 2010 , becoming that pageant 's very first titleholder from her country .<SPLIT>prior to winning miss continente americano , she was miss earth perú 2008 and miss perú 2010 , and represented her country in both miss earth 2008 and miss universe 2010 .<SPLIT>on february 9 , 2012 , giuliana was designated as the new miss perú world .<SPLIT>she represented",Dominika van santen,"[MASK] [MASK] [MASK] ( born in [MASK] , [MASK] ) is a beauty queen who was crowned miss [MASK] [MASK] [MASK] on september 18 , [MASK] , becoming that pageant 's very first titleholder from her country .<SPLIT>prior to winning miss [MASK] [MASK] , she was miss [MASK] [MASK] [MASK] and miss [MASK] [MASK] , and represented her country in both miss [MASK] [MASK] and miss [MASK] [MASK] .<SPLIT>on february 9 , [MASK] , [MASK] was designated as the new miss [MASK] world .<SPLIT>she represented",-16.482500076293945,5.6784539222717285,7,4123,7,625,Successful
8,Renato campos,"renato campos ( born september 5 , 1980 ) is a retired angolan football player .<SPLIT>he has played for angola national team",Renato campos,"[MASK] campos ( born [MASK] [MASK] , [MASK] ) is a retired [MASK] football player .<SPLIT>he has played for angola national team",-17.524658203125,6.501408576965332,8,8,8,106,Successful
9,Sir william laird clowes,"sir william laird clowes ( 1 february 1856 -- 14 august 1905 ) was a british journalist and historian whose principal work was `` the royal navy , a history from the earliest times to 1900 '' , a text that is still in print .<SPLIT>he also wrote numerous technical pieces on naval technology and strategy and was also noted for his articles concerning racial politics in the southern united states .<SPLIT>despite having trained as a lawyer , clowes had always preferred literature and writing , publishing his first work in 1876 and becoming a full-time journalist in 1879 .<SPLIT>for the services rendered in his",William thomas stead,"sir william [MASK] [MASK] ( [MASK] [MASK] [MASK] -- [MASK] [MASK] [MASK] ) was a british journalist and [MASK] whose principal work was `` the royal navy , a history from the earliest times to 1900 '' , a text that is still in print .<SPLIT>he also wrote numerous technical pieces on naval technology and strategy and was also noted for his articles concerning racial politics in the southern united states .<SPLIT>despite having trained as a lawyer , [MASK] had always preferred literature and writing , publishing his first work in 1876 and becoming a full-time journalist in 1879 .<SPLIT>for the services rendered in his",-17.27438735961914,4.7313432693481445,9,42328,9,676,Successful
10,Dan besse,"daniel vaughn ( dan ) besse ( born december 28 , 1954 ) is a graduate of unc-chapel hill school of law ( 1980 ) , an attorney , and , since 2001 , a city councilman in winston-salem , north carolina .<SPLIT>he was one of four democratic candidates in the 2008 lt. governor election for the seat vacated by beverly perdue , but came in last in the primary , which was won by walter dalton .<SPLIT>in the 2008 campaign , besse received the endorsement of the progressive democrats of",Dan besse,"daniel vaughn ( [MASK] ) [MASK] ( born [MASK] [MASK] , [MASK] ) is a graduate of unc-chapel hill school of law ( 1980 ) , an [MASK] , and , since 2001 , a city councilman in winston-salem , north carolina .<SPLIT>he was one of four democratic [MASK] in the [MASK] lt. governor election for the seat vacated by beverly perdue , but came in last in the primary , which was won by walter dalton .<SPLIT>in the [MASK] campaign , [MASK] received the endorsement of the progressive [MASK] of",-15.718194007873535,4.349302291870117,10,10,10,541,Successful
11,Matt elliott,"matt elliott is an english folk guitarist and singer from bristol , england , who plays dark folk music .<SPLIT>he also produced and recorded electronic music under the name the third eye",Ben parcell,"[MASK] [MASK] is an english [MASK] [MASK] and singer from [MASK] , england , who plays [MASK] [MASK] music .<SPLIT>he also produced and recorded [MASK] music under the name the [MASK] [MASK]",-16.98707389831543,3.6603567600250244,11,138451,11,217,Successful
12,Giuseppe mariani,giuseppe mariani was an italian art director .<SPLIT>he was nominated for an academy award in the category best art direction for the film `` the taming of the shrew '' .<SPLIT>,Giuseppe mariani,[MASK] [MASK] was an italian [MASK] director .<SPLIT>he was nominated for an academy award in the category best [MASK] [MASK] for the film `` the taming of the shrew '' .<SPLIT>,-17.7994327545166,3.567671537399292,12,12,12,91,Successful
13,Tang li,"tang li ( chinese : 唐莉 ; pinyin : táng lì ; born july 27 , 1982 ) is a chinese professional go player .<SPLIT>",Tang li,"[MASK] li ( chinese : [MASK] ; [MASK] : [MASK] [MASK] ; born [MASK] [MASK] , [MASK] ) is a chinese professional go player .<SPLIT>",-17.04374885559082,6.317421913146973,13,13,13,149,Successful
14,Peter curran,"peter curran is an irish broadcaster , writer , documentary maker and audiobook publisher .<SPLIT>he grew up in belfast , the eldest of six children .<SPLIT>after leaving school he worked on funfairs in the usa before moving to london .<SPLIT>curran worked for an interior design and building company for four years before re-training as a bbc reporter .<SPLIT>in 1992 , he began dj ` ing full-time for the london radio station bbc glr .<SPLIT>",Peter curran,"peter [MASK] is an irish broadcaster , writer , documentary maker and audiobook publisher .<SPLIT>he grew up in [MASK] , the eldest of six children .<SPLIT>after leaving school he worked on funfairs in the usa before moving to london .<SPLIT>[MASK] worked for an interior design and building company for four years before re-training as a bbc reporter .<SPLIT>in 1992 , he began dj ` ing full-time for the london radio station bbc glr .<SPLIT>",-16.51743507385254,5.696608543395996,14,14,14,116,Successful
15,Adam saltsman,"adam saltsman , also known as adam atomic , is an american indie video game designer best known for creating the endless runner `` canabalt '' .<SPLIT>he is a founder of semi secret software and finji video game",David r. marsh,"[MASK] [MASK] , also known as [MASK] [MASK] , is an american [MASK] [MASK] game designer best known for creating the endless runner `` [MASK] '' .<SPLIT>he is a founder of semi secret software and finji [MASK] game",-14.58178997039795,4.812500476837158,15,57,15,184,Successful
16,Walter clarence henderson,"walter clarence henderson ( 28 february 1891 -- 20 september 1968 ) was a progressive conservative party member of the canadian house of commons .<SPLIT>he was born in carberry , manitoba and became a farmer by career .<SPLIT>he was elected at the cariboo riding in the 1958 general election , defeating social credit incumbent bert leboe .<SPLIT>henderson served only one term , the 24th canadian parliament , before leboe retook the riding in the 1962 election .<SPLIT>--",Walter clarence henderson,"walter [MASK] [MASK] ( [MASK] [MASK] [MASK] -- [MASK] [MASK] [MASK] ) was a progressive conservative party member of the canadian house of commons .<SPLIT>he was born in [MASK] , [MASK] and became a farmer by career .<SPLIT>he was elected at the [MASK] riding in the [MASK] general election , defeating social credit incumbent [MASK] [MASK] .<SPLIT>[MASK] served only one term , the 24th canadian parliament , before [MASK] retook the riding in the [MASK] election .<SPLIT>--",-16.564722061157227,5.110876560211182,16,16,16,736,Successful
17,André salvador,andré fernando cabrita salvador ( born 4 november 1993 in portimão ) is a portuguese footballer who plays for portimonense s.c. as a midfielder .<SPLIT>,André salvador,andré fernando [MASK] [MASK] ( born [MASK] [MASK] [MASK] in [MASK] ) is a portuguese footballer who plays for [MASK] s.c. as a midfielder .<SPLIT>,-16.574262619018555,5.397055149078369,17,17,17,148,Successful
18,Ernesto inarkiev,"ernesto inarkiev ( born december 9 , 1985 in osh , kyrgyzstan ) is a russian chess grandmaster .<SPLIT>he was named after ernesto `` che '' guevara .<SPLIT>in 2006 he came third in the 59th russian chess championship superfinal .<SPLIT>in 2010 he tied for 1st -- 4th with konstantin chernyshov , lê quang liêm and evgeny bareev in the moscow open .<SPLIT>in 2015 he won `` moscow open 2015 '' with outstanding 8/9 .<SPLIT>",Ernesto inarkiev,"ernesto [MASK] ( born [MASK] [MASK] , [MASK] in [MASK] , [MASK] ) is a russian chess grandmaster .<SPLIT>he was named after ernesto `` che '' guevara .<SPLIT>in 2006 he came third in the 59th russian chess championship superfinal .<SPLIT>in 2010 he tied for 1st -- 4th with konstantin chernyshov , lê quang liêm and evgeny bareev in the moscow open .<SPLIT>in 2015 he won `` moscow open 2015 '' with outstanding 8/9 .<SPLIT>",-17.777069091796875,6.792029857635498,18,18,18,304,Successful
19,Bill rigby,"william ` bill ' rigby ( 9 june 1921 - 1 june 2010 ) was a former english footballer who played as a goalkeeper .<SPLIT>he was born in chester .<SPLIT>a product of the youth system at his hometown club of chester , rigby made his only peacetime first-team appearance for the club in their first post-war match in the football league in a 4 -- 4 draw at york city on 31 august 1946 .<SPLIT>after this he was not selected again , with goalkeeping duties being passed on to george scales and jim maclaren .<SPLIT>earlier he had made appearances for",Bill rigby,"william ` bill ' [MASK] ( [MASK] [MASK] [MASK] - [MASK] [MASK] [MASK] ) was a former english footballer who played as a goalkeeper .<SPLIT>he was born in [MASK] .<SPLIT>a product of the youth system at his hometown club of [MASK] , [MASK] made his only peacetime first-team appearance for the club in their first post-war match in the football league in a 4 -- 4 draw at york city on 31 august 1946 .<SPLIT>after this he was not selected again , with goalkeeping duties being passed on to george scales and jim maclaren .<SPLIT>earlier he had made appearances for",-18.05133056640625,4.9988226890563965,19,19,19,512,Successful
20,Barnas sears,"barnas sears ( november 19 , 1802 -- july 6 , 1880 ) graduated from brown university in 1825 .<SPLIT>sears was the general agent of the peabody education fund who was sent to staunton , virginia , by george peabody to offer leadership in public education .<SPLIT>sears was general agent of the fund from 1867 until february 1880 .<SPLIT>he settled in staunton because of the easy access to the railroad .<SPLIT>sears travelled extensively throughout the south promoting southern education , `` free schools for the whole people '' .<SPLIT>sears",Luther rice,"[MASK] [MASK] ( [MASK] [MASK] , [MASK] -- [MASK] [MASK] , [MASK] ) graduated from brown university in 1825 .<SPLIT>[MASK] was the general agent of the peabody education fund who was sent to staunton , virginia , by george peabody to offer leadership in public education .<SPLIT>[MASK] was general agent of the fund from [MASK] until february [MASK] .<SPLIT>he settled in staunton because of the easy access to the railroad .<SPLIT>[MASK] travelled extensively throughout the south promoting southern education , `` free schools for the whole people '' .<SPLIT>[MASK]",-17.220550537109375,7.618350505828857,20,41413,20,487,Successful
21,Stepan rostomyan,"stepan rostomyan ( '' Ստեփան Ռոստոմյան '' ) , ( born 4 april , 1956 ) is a famous armenian composer .<SPLIT>he is one of armenia 's key figures of the contemporary music scene , as well as a composer whose works have",Stepan rostomyan,"[MASK] [MASK] ( '' [MASK] [MASK] '' ) , ( born 4 [MASK] , [MASK] ) is a famous armenian composer .<SPLIT>he is one of armenia 's key figures of the contemporary music scene , as well as a composer whose works have",-16.817758560180664,7.901795864105225,21,21,21,190,Successful
22,Shashi gupta,"shashi gupta ( born 3 april 1964 in delhi , india ) is a former test and one day international cricketer who represented india .<SPLIT>she played a total of 13 tests and 20 odis",Shashi gupta,"[MASK] [MASK] ( born [MASK] [MASK] [MASK] in [MASK] , india ) is a former test and one day international cricketer who represented india .<SPLIT>she played a total of [MASK] tests and [MASK] [MASK]",-10.18574047088623,5.41633939743042,22,22,22,253,Successful
23,Allan higdon,"allan l. higdon served on ottawa city council from 1994 through 2000 .<SPLIT>born in dublin , republic of ireland , he immigrated to canada in 1957 .<SPLIT>he received a ba from queen 's university in english and history and received a b.ed from the university of toronto .<SPLIT>he then worked with the canadian institute of mining and metallurgy .<SPLIT>he would later move to ottawa after living in toronto and southeast asia , where he would teach high school .<SPLIT>he then worked on parliament hill and then became a self-employed consultant specializing in",Lormong lo,"[MASK] l. [MASK] served on [MASK] city council from 1994 through [MASK] .<SPLIT>born in [MASK] , republic of ireland , he immigrated to canada in 1957 .<SPLIT>he received a ba from queen 's university in english and history and received a b.ed from the university of toronto .<SPLIT>he then worked with the canadian institute of mining and metallurgy .<SPLIT>he would later move to [MASK] after living in toronto and southeast asia , where he would teach high school .<SPLIT>he then worked on parliament hill and then became a self-employed consultant specializing in",-14.94571304321289,5.046350002288818,23,42343,23,301,Successful
24,Olcay çakır,"olcay Çakır ( born 13 july 1993 in konak , İzmir , turkey ) is a turkish basketball player .<SPLIT>the young national plays for fenerbahçe İstanbul as both guard ( 1-2 ) position .<SPLIT>olcay Çakır is 182 cm tall and weighs 60 kg .<SPLIT>she is playing for fenerbahçe since 2005 in youth level and since 2010 in senior level .<SPLIT>Çakır was selected 27th overall in the 2013 wnba draft 's round 3 by the new york liberty .<SPLIT>she is so the first ever",Olcay çakır,"[MASK] [MASK] ( born [MASK] [MASK] [MASK] in [MASK] , [MASK] , turkey ) is a turkish basketball player .<SPLIT>the young national plays for [MASK] [MASK] as both guard ( 1-2 ) position .<SPLIT>[MASK] [MASK] is 182 cm tall and weighs 60 kg .<SPLIT>she is playing for [MASK] since 2005 in youth level and since [MASK] in senior level .<SPLIT>[MASK] was selected 27th overall in the [MASK] [MASK] draft 's round [MASK] by the new york [MASK] .<SPLIT>she is so the first ever",-17.390512466430664,5.857983112335205,24,24,24,806,Successful
25,David buchanan,"david buchanan ( 16 january 1830 -- 30 may 1900 ) was an english amateur cricketer who played mainly as a bowler and who had two careers separated in an unusual manner by a long period out of the first-class game .<SPLIT>he was born at edinburgh , midlothian , scotland , and died at rugby , warwickshire ,",David buchanan,"david [MASK] ( [MASK] [MASK] [MASK] -- [MASK] [MASK] [MASK] ) was an english amateur cricketer who played mainly as a bowler and who had two careers separated in an unusual manner by a long period out of the first-class game .<SPLIT>he was born at [MASK] , [MASK] , scotland , and died at rugby , [MASK] ,",-18.291439056396484,4.7462077140808105,25,25,25,446,Successful
26,Enzo cilenti,enzo cilenti ( born 8 august 1974 ) is an english actor .<SPLIT>,Enzo cilenti,enzo [MASK] ( born 8 [MASK] [MASK] ) is an english actor .<SPLIT>,-14.798958778381348,8.377599716186523,26,26,26,37,Successful
27,Elango,"elango nagarajah , also known as `` thaimann elango '' , is a tamil film actor , director , producer and lyricist in the tamil film industry .<SPLIT>he began his career in his early ages as a producer for the tamil film anbudan , starred arun vijay , meena , rambha ( actress ) in the main was released in the year 2000 .<SPLIT>then he worked on the most successful tamil music album நேசிக்கிறேன் as the director , actor and lyricist .<SPLIT>he was the main lead for all the six",Venkat prabhu,"[MASK] [MASK] , also known as `` [MASK] [MASK] '' , is a tamil film actor , [MASK] , producer and [MASK] in the tamil film industry .<SPLIT>he began his career in his early ages as a producer for the tamil film anbudan , starred arun vijay , meena , rambha ( actress ) in the main was released in the year 2000 .<SPLIT>then he worked on the most successful tamil music album நேசிக்கிறேன் as the [MASK] , actor and [MASK] .<SPLIT>he was the main lead for all the six",-15.220473289489746,2.9218525886535645,27,50508,27,261,Successful
28,Jacoba surie,"jacoba surie ( 5 september 1879 -- 5 february 1970 ) was a dutch painter .<SPLIT>surie was born in amsterdam and trained at the rijksakademie van beeldende kunsten there , where she studied under coba ritsema and joseph mendes da costa .<SPLIT>she was a member of arti et amicitiae and the pulchri studio and is considered one of the amsterdamse joffers .<SPLIT>surie died in amsterdam and was buried in zorgvlied .<SPLIT>",Jacoba surie,"[MASK] [MASK] ( 5 [MASK] [MASK] -- 5 [MASK] [MASK] ) was a dutch painter .<SPLIT>[MASK] was born in amsterdam and trained at the rijksakademie van beeldende kunsten there , where she studied under [MASK] ritsema and joseph mendes da costa .<SPLIT>she was a member of arti et amicitiae and the pulchri studio and is considered one of the [MASK] joffers .<SPLIT>[MASK] died in amsterdam and was buried in zorgvlied .<SPLIT>",-17.632843017578125,8.26583480834961,28,28,28,389,Successful
29,Jeremy hotz,"jeremy hotz ( born may 31 , 1963 ) is a canadian actor and stand-up comedian .<SPLIT>he has appeared on `` comedy central presents '' , the just for laughs comedy festival , the `` late show with david letterman '' , and `` the tonight show with jay leno '' .<SPLIT>he has also worked as a staff writer for paramount 's `` the jon stewart show '' and has appeared in various american and canadian motion pictures including : `` my favorite martian ''",Don jamieson,"[MASK] [MASK] ( born [MASK] [MASK] , [MASK] ) is a [MASK] actor and stand-up comedian .<SPLIT>he has appeared on `` comedy central presents '' , the just for laughs comedy festival , the `` late show with david letterman '' , and `` the tonight show with jay leno '' .<SPLIT>he has also worked as a staff writer for paramount 's `` the jon stewart show '' and has appeared in various american and [MASK] motion pictures including : `` [MASK] favorite martian ''",-16.792455673217773,3.1971030235290527,29,37240,29,393,Successful
30,John thompson,"air vice marshal john hugh thompson cb ( born 18 september 1947 ) is a former royal air force officer who became head of the british defence staff in washington , d.c.<SPLIT>",Sir john coward,"[MASK] [MASK] [MASK] john hugh [MASK] cb ( born [MASK] [MASK] [MASK] ) is a former royal [MASK] [MASK] officer who became head of the british defence staff in washington , d.c.<SPLIT>",-16.874170303344727,4.187968730926514,30,127277,30,221,Successful
31,Bernardo sassetti,"bernardo da costa sassetti pais ( 24 june 1970 -- 10 may 2012 ) was a portuguese jazz pianist and film composer .<SPLIT>sassetti was born in lisbon .<SPLIT>he was a great-grandson of sidónio pais , president of the first republic .<SPLIT>he initially played guitar , then began studying piano and music theory at age nine .<SPLIT>he became interested in jazz after hearing bill evans .<SPLIT>by the late 1980s , he was backing visiting musicians and teaching jazz piano in lisbon ( and , later , taught throughout other lusophonic areas ) .<SPLIT>during",Bernardo sassetti,"[MASK] da costa [MASK] pais ( [MASK] [MASK] [MASK] -- [MASK] [MASK] [MASK] ) was a portuguese jazz pianist and film composer .<SPLIT>[MASK] was born in [MASK] .<SPLIT>he was a great-grandson of sidónio pais , president of the first republic .<SPLIT>he initially played guitar , then began studying [MASK] and music theory at age nine .<SPLIT>he became interested in jazz after hearing bill evans .<SPLIT>by the late [MASK] , he was backing visiting [MASK] and teaching jazz [MASK] in [MASK] ( and , later , taught throughout other lusophonic areas ) .<SPLIT>during",-16.999221801757812,4.2906646728515625,31,31,31,739,Successful
32,Jesse f. keeler,"jesse frederick keeler ( born november 11 , 1976 ) is a canadian musician .<SPLIT>he is known as the bassist of canadian dance-punk duo death from above 1979 and one half of the electronic music duo mstrkrft .<SPLIT>in addition to singing , keeler plays drums , guitar , bass , keyboards , and saxophone , as well as work as a producer , lending to music of a variety of styles over the course of his career , including",Jesse f. keeler,"[MASK] [MASK] [MASK] ( born [MASK] [MASK] , [MASK] ) is a canadian musician .<SPLIT>he is known as the bassist of canadian dance-punk duo death from [MASK] [MASK] and one half of the [MASK] music duo [MASK] .<SPLIT>in addition to singing , [MASK] plays drums , guitar , bass , keyboards , and [MASK] , as well as work as a producer , lending to music of a variety of styles over the course of his career , including",-17.185388565063477,4.382655620574951,32,32,32,551,Successful
33,Nikolai chizhevsky,"he made his debut in the russian second division for fc znamya truda orekhovo-zuyevo on july 18 , 2013 in a game against fc kolomna .<SPLIT>",Maksim pugachyov,"he made his debut in the russian second division for fc [MASK] [MASK] orekhovo-zuyevo on july [MASK] , [MASK] in a game against fc kolomna .<SPLIT>",-11.262645721435547,7.6119513511657715,33,14529,33,95,Successful
34,Darcy james argue,"darcy james argue is a vancouver-born , brooklyn-based jazz composer and bandleader .<SPLIT>he is best known for his work with his 18-piece ensemble , secret society , with which he has released two grammy-nominated albums .<SPLIT>",James westfall,"[MASK] james [MASK] is a [MASK]-born , brooklyn-based [MASK] composer and bandleader .<SPLIT>he is best known for his work with his 18-piece ensemble , [MASK] [MASK] , with which he has released two grammy-nominated albums .<SPLIT>",-16.563335418701172,4.186390399932861,34,27610,34,190,Successful
35,Édouard hervé,"Édouard hervé ( 28 may 1835 -- 4 january 1899 ) was a french journalist , historian and politician .<SPLIT>",Claude bourdet,"[MASK] [MASK] ( [MASK] [MASK] [MASK] -- 4 [MASK] [MASK] ) was a french journalist , historian and politician .<SPLIT>",-16.052921295166016,7.080154895782471,35,27577,35,113,Successful
36,The earl of bellomont,"richard coote , 1st earl of bellomont ( sometimes spelled bellamont , 1636 -- 5 march 1700/1 ) , known as the lord coote between 1683 and 1689 , was a member of the english parliament and a colonial governor .<SPLIT>born in ireland , he was an early supporter of william and mary , siding with them in the glorious revolution .<SPLIT>in 1695 he was given commissions as governor of the provinces of new york , massachusetts bay , and new hampshire , which he held until his death .<SPLIT>he did not arrive",The lord howard of effingham,"[MASK] [MASK] , [MASK] [MASK] of [MASK] ( sometimes spelled [MASK] , [MASK] -- [MASK] [MASK] 1700/1 ) , known as the lord [MASK] between 1683 and 1689 , was a member of the english parliament and a colonial governor .<SPLIT>born in [MASK] , he was an early supporter of william and [MASK] , siding with [MASK] in the glorious revolution .<SPLIT>in 1695 he was given commissions as governor of the [MASK] of new york , [MASK] [MASK] , and new [MASK] , which he held until his death .<SPLIT>he did not arrive",-16.964981079101562,3.7451255321502686,36,37644,36,889,Successful
37,Sigeferth,"sigeferth or sigefirth or sicgga , was the third bishop of selsey , consecrated in 733 by tatwine , the archbishop of canterbury .<SPLIT>sigeferth was still bishop in 747 , when he attended the synod of clofesho .<SPLIT>his date of death was sometime between",Feologild,"[MASK] or [MASK] or sicgga , was the third bishop of [MASK] , consecrated in [MASK] by [MASK] , the archbishop of canterbury .<SPLIT>[MASK] was still bishop in [MASK] , when he attended the synod of clofesho .<SPLIT>his date of death was sometime between",-13.507294654846191,7.73433780670166,37,77173,37,172,Successful
38,Rachel gowey,"rachel kathryn gowey ( born october 3 , 1997 ) is an american artistic gymnast .<SPLIT>she is a u.s. national team member , a position she has held since 2014 .<SPLIT>at the 2015 pan american games in toronto , she was part of the gold-winning us team , also winning gold individually on the uneven bars",Rachel gowey,"rachel kathryn [MASK] ( born [MASK] 3 , [MASK] ) is an american artistic gymnast .<SPLIT>she is a u.s. national team member , a position she has held since 2014 .<SPLIT>at the 2015 pan american games in toronto , she was part of the gold-winning us team , also winning gold individually on the uneven bars",-16.885009765625,8.279991149902344,38,38,38,133,Successful
39,Basavaraj patil sedam,basvaraj patil sedam ( born 10 february 1944 ) is a member of rajya sabha from karnataka .<SPLIT>he was the secretary of bharatiya janata party and president of the bharatiya janata party karnataka unit .<SPLIT>he was elected as a member of the 12th lok sabha from gulbarga .<SPLIT>,Rathod harising nasaru,[MASK] [MASK] [MASK] ( born [MASK] [MASK] [MASK] ) is a member of [MASK] sabha from [MASK] .<SPLIT>he was the secretary of [MASK] [MASK] party and president of the [MASK] [MASK] party [MASK] unit .<SPLIT>he was elected as a member of the 12th lok sabha from [MASK] .<SPLIT>,-17.012327194213867,6.3015947341918945,39,94971,39,309,Successful
40,Demetrius of pharos,"demetrius of pharos ( also pharus ) ( ) was a ruler of pharos involved in the first illyrian war , after which he ruled a portion of the illyrian adriatic coast on behalf of the romans , as a client king .<SPLIT>demetrius was a regent ruler to pinnes , the son of agron who was too young to rule as king .<SPLIT>when the romans were occupied with their own problems , he had grown stronger as an ally of macedonia and also by conquering dimallum of dalmatia , on",Battle of dara,"[MASK] of [MASK] ( also [MASK] ) ( ) was a ruler of [MASK] involved in the first illyrian war , after which he ruled a portion of the illyrian adriatic coast on behalf of the romans , as a client king .<SPLIT>[MASK] was a regent ruler to pinnes , the son of agron who was too young to rule as king .<SPLIT>when the romans were occupied with their own problems , he had grown stronger as an ally of macedonia and also by conquering dimallum of dalmatia , on",-14.101851463317871,8.02441692352295,40,101075,40,172,Successful
41,Alfred e. reinhardt,"alfred e. reinhardt ( december 1902 - march , 1987 ) aia , was an american architect active in mid-twentieth-century connecticut and massachusetts .<SPLIT>his firm specialized in ecclesiastical design and was very active with roman catholic clients , mostly in connecticut .<SPLIT>",Alfred e. reinhardt,"alfred e. [MASK] ( [MASK] [MASK] - [MASK] , [MASK] ) aia , was an american architect active in mid-twentieth-century connecticut and massachusetts .<SPLIT>his firm specialized in ecclesiastical design and was very active with roman catholic clients , mostly in connecticut .<SPLIT>",-16.473773956298828,7.483572483062744,41,41,41,166,Successful
42,Masayoshi tomizuka,"professor masayoshi tomizuka is a professor in control theory in department of mechanical engineering , university of california , berkeley .<SPLIT>he holds the cheryl and john neerhout , jr. , distinguished professorship chair , and has supervised more than 90 ph. d. students to completion .<SPLIT>professor masayoshi tomizuka received his b.s. and m.s. degrees in mechanical engineering from keio university , tokyo , japan in 1968 and 1970 , and his ph. d. degree in",Venkat chandrasekaran,"professor [MASK] [MASK] is a professor in [MASK] [MASK] in department of mechanical engineering , university of california , [MASK] .<SPLIT>he holds the cheryl and john neerhout , jr. , distinguished professorship chair , and has supervised more than 90 ph. d. students to completion .<SPLIT>professor [MASK] [MASK] received his b.s. and m.s. degrees in mechanical engineering from keio university , [MASK] , japan in 1968 and 1970 , and his ph. d. degree in",-13.546473503112793,4.968226909637451,42,81940,42,286,Successful
43,Thomas towie,thomas towie was a scottish footballer who played in the football league for derby county and preston north end in the 1890s .<SPLIT>,Thomas towie,[MASK] [MASK] was a scottish footballer who played in the football league for [MASK] county and [MASK] north [MASK] in the 1890s .<SPLIT>,-17.13021469116211,3.206458806991577,43,43,43,96,Successful
44,Ernie whatmore,"ernest l. ` ernie ' whatmore ( 25 april 1900 -- 31 july 1991 ) was a professional association footballer who played in the football league for wolverhampton wanderers , bristol rovers and queens park rangers during the interwar period .<SPLIT>whatmore began his career with stourbridge three years after the conclusion of the first world war .<SPLIT>he played there for a year before joining wolves on trial in 1922 , but in spite of playing in two games for them in the football league second division the club opted not to retain his services .<SPLIT>he spent the remainder",Ernie whatmore,"[MASK] l. ` [MASK] ' [MASK] ( [MASK] [MASK] [MASK] -- [MASK] [MASK] [MASK] ) was a professional association footballer who played in the football league for [MASK] [MASK] , bristol rovers and [MASK] park rangers during the interwar period .<SPLIT>[MASK] began his career with [MASK] three years after the conclusion of the first world war .<SPLIT>he played there for a year before joining wolves on trial in [MASK] , but in spite of playing in two games for them in the football league second division the club opted not to retain his services .<SPLIT>he spent the remainder",-19.762746810913086,4.753241539001465,44,44,44,988,Successful
45,Paul f. whelan,"paul f. whelan is professor of computer vision at the centre for image processing & analysis , school of electronic engineering , faculty of engineering & computing dublin city",Paul f. whelan,"paul f. [MASK] is professor of [MASK] [MASK] at the centre for image processing & analysis , school of electronic engineering , faculty of engineering & computing dublin city",-16.848373413085938,4.681260108947754,45,45,45,70,Successful
46,Vladimir medvedev,vladimir nikolayevich medvedev ( ; born 10 july 1971 ) is a former russian football player .<SPLIT>,Vladimir medvedev,vladimir nikolayevich [MASK] ( ; born [MASK] [MASK] [MASK] ) is a former russian football player .<SPLIT>,-17.082700729370117,7.537806987762451,46,46,46,63,Successful
47,Cafú,"arlindo gomes semedo ( born 17 november 1977 ) , commonly known as cafú , is a cape verdean professional footballer who plays for s.c. freamunde as a forward .<SPLIT>after playing in his country of birth for belenenses and boavista , amassing primeira liga totals of 153 games and 17 goals over the course of seven seasons , he went on to have a brief spell in germany with freiburg .<SPLIT>already in his 30 's cafú moved to cyprus , where he remained for",Cafú,"[MASK] [MASK] [MASK] ( born [MASK] [MASK] [MASK] ) , commonly known as [MASK] , is a cape [MASK] professional footballer who plays for s.c. [MASK] as a forward .<SPLIT>after playing in his country of birth for [MASK] and [MASK] , amassing primeira liga totals of 153 games and [MASK] goals over the course of seven seasons , he went on to have a brief spell in germany with [MASK] .<SPLIT>already in his 30 's [MASK] moved to cyprus , where he remained for",-16.013883590698242,6.157238960266113,47,47,47,727,Successful
48,Enrique cárdenas,enrique cárdenas del avellano ( born 4 september 1957 ) is a mexican politician affiliated to the pri .<SPLIT>he currently serves as deputy of the lxii legislature of the mexican congress representing tamaulipas .<SPLIT>he also served as deputy during the lx legislature .<SPLIT>,Francisco javier fernández clamont,[MASK] [MASK] del avellano ( born [MASK] [MASK] [MASK] ) is a [MASK] politician affiliated to the pri .<SPLIT>he currently serves as deputy of the lxii legislature of the [MASK] congress representing [MASK] .<SPLIT>he also served as deputy during the lx legislature .<SPLIT>,-16.2872371673584,4.240156173706055,48,12647,48,218,Successful
49,Kris janson,"kris tiffany maslog janson ( born december 21 , 1989 ) simply known as kris janson , is a filipino beauty pageant titleholder from cebu city , crowned binibining pilipinas intercontinental 2014 at the binibining pilipinas 2014 pageant held on march 30th , 2014 at the smart araneta coliseum",Kris janson,"kris tiffany [MASK] [MASK] ( born [MASK] [MASK] , [MASK] ) simply known as kris [MASK] , is a filipino beauty pageant titleholder from cebu city , crowned [MASK] [MASK] intercontinental [MASK] at the [MASK] [MASK] [MASK] pageant held on march 30th , [MASK] at the smart araneta coliseum",-17.597322463989258,7.2756524085998535,49,49,49,269,Successful
50,Aldo maldera,"aldo maldera ( 14 october 1953 -- 1 august 2012 ) was an italian footballer , who played as a fullback or as a wide midfielder on the left .<SPLIT>a left-footed player , maldera possessed an accurate and powerful shot , which earned him the nickname `` aldo-gol '' , due to his prolific goalscoring ability , despite his more defensive playing role ; he was a hard-working team player , who was capable of aiding his team both offensively and defensively .<SPLIT>throughout his career , he was known for his pace , stamina",Aldo maldera,"aldo [MASK] ( 14 [MASK] [MASK] -- [MASK] [MASK] [MASK] ) was an italian footballer , who played as a fullback or as a wide midfielder on the left .<SPLIT>a left-footed player , [MASK] possessed an accurate and powerful shot , which earned him the nickname `` aldo-gol '' , due to his prolific goalscoring ability , despite his more defensive playing role ; he was a hard-working team player , who was capable of aiding his team both offensively and defensively .<SPLIT>throughout his career , he was known for his pace , stamina",-16.352664947509766,8.618282318115234,50,50,50,400,Successful
51,Vicente mijares,"vicente mijares saldivar ( born june 14 , 1954 in gómez palacio , durango , mexico ) is an undefeated mexican professional boxer in the lightweight division .<SPLIT>he 's the uncle of both undefeated lightweight prospect ricardo mijares and former three-time world champion ,",Germán altamírano,"[MASK] [MASK] [MASK] ( born [MASK] [MASK] , [MASK] in [MASK] [MASK] , [MASK] , mexico ) is an undefeated mexican professional boxer in the lightweight division .<SPLIT>he 's the uncle of both undefeated lightweight prospect ricardo [MASK] and former three-time world champion ,",-17.402996063232422,6.346691608428955,51,136165,51,307,Successful
52,Abdülhamit yıldız,abdülhamit yıldız ( born 7 june 1987 in diyarbakır ) is a turkish footballer currently playing for balıkesirspor .<SPLIT>he previously played for dutch side fc volendam .<SPLIT>,Abdülhamit yıldız,[MASK] [MASK] ( born [MASK] [MASK] [MASK] in [MASK] ) is a turkish footballer currently playing for balıkesirspor .<SPLIT>he previously played for dutch side fc volendam .<SPLIT>,-17.214052200317383,8.473458290100098,52,52,52,142,Successful
53,Alex j. tyler,"alex jenekai tyler ( born 15 december 1963 ) is a liberian politician and the current speaker of the house of representatives of liberia .<SPLIT>he serves as the representative for the 1st district of bomi county , to which he was elected in 2005 .<SPLIT>tyler is a member of the unity party , having joined in 2009 following its merger with his former liberian action",Peeni henare,"[MASK] jenekai [MASK] ( born [MASK] [MASK] [MASK] ) is a [MASK] politician and the current [MASK] of the house of representatives of [MASK] .<SPLIT>he serves as the representative for the 1st district of [MASK] county , to which he was elected in 2005 .<SPLIT>[MASK] is a member of the [MASK] party , having joined in 2009 following its merger with his former [MASK] action",-15.246206283569336,4.739556312561035,53,113412,53,466,Successful
54,Darby loudon,"darby briton loudon ( 12 march 1897 -- c. 1963 ) was a new zealand born rugby union player , a flanker who made sixteen representative appearances for the new south wales state team in the 1920s .<SPLIT>four of the these matches have since been decreed as test matches by the australian rugby union and loudon , who led the side in one such match in 1922 , was therefore a captain of the australian national",Darby loudon,"[MASK] [MASK] [MASK] ( [MASK] [MASK] [MASK] -- c. [MASK] ) was a new zealand born rugby union player , a [MASK] who made sixteen representative appearances for the new south wales state team in the 1920s .<SPLIT>four of the these matches have since been decreed as test matches by the australian rugby union and [MASK] , who led the side in one such match in 1922 , was therefore a captain of the australian national",-17.216899871826172,5.67323637008667,54,54,54,421,Successful
55,Ove molin,"ove molin ( born may 27 , 1971 ) is a retired swedish professional ice hockey player who spent most of his career with brynäs if in the swedish elitserien league",Ove molin,"[MASK] [MASK] ( born [MASK] [MASK] , [MASK] ) is a retired swedish professional ice hockey player who spent most of his career with brynäs if in the swedish elitserien league",-16.485868453979492,8.14745807647705,55,55,55,141,Successful
56,Frédéric fonteyne,frédéric fonteyne ( born 9 january 1968 ) is a belgian film director .<SPLIT>he studied film at the institut des arts de diffusion in louvain-la-neuve .<SPLIT>,Frédéric fonteyne,[MASK] [MASK] ( born [MASK] [MASK] [MASK] ) is a belgian [MASK] director .<SPLIT>he studied [MASK] at the institut des arts de diffusion in louvain-la-neuve .<SPLIT>,-16.909103393554688,2.669203996658325,56,56,56,148,Successful
57,David r. marsh,"david r. marsh ( born november 5 , 1964 ) is an american video game designer known for his work supporting the intellectual properties that used to belong to icom simulations , and creating the macventure game `` shadowgate '' .<SPLIT>as of 2012 , he recently founded a new game development company called zojoi , llc with plans to release new , remastered and revised versions of games created by him and karl roelofs when they",David r. marsh,"david r. [MASK] ( born november 5 , 1964 ) is an american video [MASK] designer known for his work supporting the intellectual properties that used to belong to icom simulations , and creating the macventure [MASK] `` shadowgate '' .<SPLIT>as of 2012 , he recently founded a new [MASK] [MASK] company called [MASK] , llc with plans to release new , remastered and revised versions of games created by him and karl roelofs when they",-15.802484512329102,3.467836856842041,57,57,57,251,Successful
58,Dean roland,"dean roland ( born october 10 , 1972 ) is an american musician .<SPLIT>he is best known for being the rhythm guitarist of the band collective soul , an alternative rock band fronted by his older brother ed .<SPLIT>he is also part of the rock duo magnets & ghosts alongside ryan",Dean roland,"[MASK] [MASK] ( born [MASK] [MASK] , [MASK] ) is an american musician .<SPLIT>he is best known for being the rhythm guitarist of the band [MASK] [MASK] , an alternative rock band fronted by his older brother ed .<SPLIT>he is also part of the rock duo [MASK] & [MASK] alongside ryan",-17.824384689331055,4.6619133949279785,58,58,58,343,Successful
59,"Lester l. westling , jr. .","lester leon `` wes '' westling , jr. ( born october 19 , 1930 ) is an american episcopal priest , retired u.s. navy chaplain , vietnam veteran , and author .<SPLIT>his more than fifty years of ministry have included service to parishes , missionary work in the philippines , and twenty-six years as a navy chaplain , including two assignments in vietnam : first with the third marine division medical and infantry battalions , and later as a circuit riding chaplain for 65 combat units throughout the mekong and bassac","Lester l. westling , jr. .","[MASK] leon `` wes '' [MASK] , jr. ( born [MASK] [MASK] , [MASK] ) is an american episcopal priest , retired u.s. navy [MASK] , vietnam veteran , and author .<SPLIT>his more than fifty years of ministry have included service to parishes , missionary work in the philippines , and twenty-six years as a navy [MASK] , including two assignments in vietnam : first with the third marine division medical and infantry battalions , and later as a circuit riding [MASK] for 65 combat units throughout the mekong and bassac",-16.062837600708008,6.128377914428711,59,59,59,412,Successful
60,Shih choon fong,"professor shih choon fong ( 施春风 ; born 1945 ) is the former president of the king abdullah university of science and technology ( kaust ) and a renowned fracture mechanics expert .<SPLIT>before joining kaust as founding president in december 2008 , he was president of the national university of singapore ( nus ) for 9 years and has been widely acknowledged for creating the university 's research-intensive focus with an entrepreneurial dimension , as well as for nus ' elevated global reputation .<SPLIT>drawing from his experiences abroad , shih institutionalised a performance - and market-based evaluation and compensation",Charles edquist,"[MASK] [MASK] [MASK] [MASK] ( 施春风 ; born [MASK] ) is the former [MASK] of the king abdullah university of science and technology ( [MASK] ) and a renowned fracture mechanics expert .<SPLIT>before joining [MASK] as [MASK] [MASK] in [MASK] [MASK] , he was [MASK] of the national university of [MASK] ( nus ) for 9 years and has been widely acknowledged for creating the university 's research-intensive focus with an entrepreneurial dimension , as well as for nus ' elevated global reputation .<SPLIT>drawing from his experiences abroad , [MASK] institutionalised a performance - and market-based evaluation and compensation",-17.576757431030273,2.9945764541625977,60,29112,60,749,Successful
61,Fabinho,"fabio de matos pereira or fabinho ( born 26 february 1982 in brazil ) , is a brazilian football midfielder , currently playing for botafogo-sp .<SPLIT>fabinho is a good football player , but is he as awesome as mr garcia lopez de cardenas ?<SPLIT>that 's right , i do n't think so .<SPLIT>mr cardenas discovered the freaking grand canyon !<SPLIT>you think you can see the grand canyon ?<SPLIT>wrong .<SPLIT>only garcia lopez de cardenas can see",Lenílson,"[MASK] de [MASK] [MASK] or [MASK] ( born [MASK] [MASK] [MASK] in [MASK] ) , is a [MASK] football midfielder , currently playing for [MASK]-sp .<SPLIT>[MASK] is a good football player , but is he as awesome as mr garcia lopez de cardenas ?<SPLIT>that 's right , i do n't think so .<SPLIT>mr cardenas discovered the freaking grand canyon !<SPLIT>you think you can see the grand canyon ?<SPLIT>wrong .<SPLIT>only garcia lopez de cardenas can see",-15.41844367980957,4.253683567047119,61,64464,61,516,Successful
62,Friedhelm funkel,friedhelm funkel ( born 10 december 1953 ) is a german football manager and former player .<SPLIT>he last coached tsv 1860 münchen .<SPLIT>,Norbert hofmann,[MASK] [MASK] ( born [MASK] [MASK] [MASK] ) is a german football manager and former player .<SPLIT>he last coached tsv [MASK] münchen .<SPLIT>,-17.137847900390625,9.032400131225586,62,66251,62,124,Successful
63,Jordan perez,"jordan perez ( born 13 november 1986 ) is a gibraltarian footballer who plays for lions gibraltar and the gibraltar national team , as a goalkeeper .<SPLIT>for the 2015 - 2016 season , jordan perez will be sponsored by dc1",Jordan perez,"[MASK] [MASK] ( born [MASK] [MASK] [MASK] ) is a [MASK] footballer who plays for lions [MASK] and the [MASK] national team , as a goalkeeper .<SPLIT>for the 2015 - 2016 season , [MASK] [MASK] will be sponsored by dc1",-17.30971908569336,4.887670040130615,63,63,63,211,Successful
64,Slavko brezovski,"slavko brezovski , famous for modern architecture built in the republic of macedonia .<SPLIT>head of architecture at the university of skopje .<SPLIT>born in galicnik ,",Slavko brezovski,"[MASK] [MASK] , famous for modern architecture built in the republic of macedonia .<SPLIT>head of architecture at the university of skopje .<SPLIT>born in [MASK] ,",-17.643892288208008,8.055380821228027,64,64,64,58,Successful
65,Ambrose mccarthy patterson,ambrose mccarthy patterson ( 29 june 1877 -- 26 december 1967 ) was a painter and printmaker .<SPLIT>,Ambrose mccarthy patterson,ambrose mccarthy patterson ( [MASK] [MASK] [MASK] -- [MASK] [MASK] [MASK] ) was a painter and printmaker .<SPLIT>,-17.005151748657227,8.226119995117188,65,65,65,88,Successful
66,Jakob kreuzer,jakob kreuzer ( born 15 january 1995 ) is an austrian footballer who plays for sv ried .<SPLIT>,Jakob kreuzer,jakob [MASK] ( born [MASK] [MASK] [MASK] ) is an austrian footballer who plays for sv [MASK] .<SPLIT>,-17.043046951293945,7.347488880157471,66,66,66,81,Successful
67,Mike saunders,"mike saunders is a retired jamaican soccer player who played professionally in the usl a-league and national professional soccer league .<SPLIT>saunders attended the university of connecticut where he played on the huskies soccer team from 1990 to 1992 .<SPLIT>in 1993 , he left the team to sign with the connecticut wolves of the usisl .<SPLIT>he played for the wolves again in 1994 .<SPLIT>in 1995 , saunders joined the new york fever .<SPLIT>in 1996 , the fever moved up to the a-league , but they sent saunders on lone to the wolves of the 1996 usisl select",Mike britton,"mike [MASK] is a retired [MASK] [MASK] player who played professionally in the usl a-league and national professional [MASK] league .<SPLIT>[MASK] attended the university of [MASK] where he played on the [MASK] [MASK] team from 1990 to 1992 .<SPLIT>in 1993 , he left the team to sign with the [MASK] [MASK] of the usisl .<SPLIT>he played for the [MASK] again in 1994 .<SPLIT>in 1995 , [MASK] joined the new york [MASK] .<SPLIT>in [MASK] , the [MASK] moved up to the a-league , but they sent [MASK] on lone to the [MASK] of the [MASK] usisl select",-15.00590991973877,4.468339443206787,67,138549,67,413,Successful
68,Joseph lawrence,"joseph lawrence ( 1786 -- april 17 , 1842 ) was a member of the u.s. house of representatives from pennsylvania .<SPLIT>",Joseph lawrence,"joseph [MASK] ( [MASK] -- [MASK] [MASK] , [MASK] ) was a member of the u.s. house of [MASK] from pennsylvania .<SPLIT>",-16.75892448425293,3.584068536758423,68,68,68,106,Successful
69,Chieko sugawara,"chieko sugawara ( ; born 15 august 1976 ) is a japanese fencer .<SPLIT>she competed in the women 's individual foil events at the 2004 , 2008 and 2012 summer",Chieko sugawara,"[MASK] [MASK] ( ; born 15 august [MASK] ) is a japanese fencer .<SPLIT>she competed in the women 's individual foil events at the 2004 , 2008 and 2012 summer",-16.97357177734375,8.271215438842773,69,69,69,88,Successful
70,Rick salutin,"rick salutin ( born 30 august 1942 , in toronto ) is a canadian novelist , playwright , journalist , and critic and has been writing for more than forty years .<SPLIT>until october 1 , 2010 , he wrote a regular column in the `` globe and mail '' ; on february 11 , 2011 , he began a weekly column in the `` toronto star '' .<SPLIT>he currently teaches a half course on canadian media and culture in university college ( uni221 ) at the university of",Rick salutin,"[MASK] [MASK] ( born [MASK] [MASK] [MASK] , in [MASK] ) is a canadian [MASK] , [MASK] , journalist , and [MASK] and has been writing for more than forty years .<SPLIT>until october 1 , 2010 , he wrote a regular column in the `` globe and mail '' ; on february 11 , 2011 , he began a weekly column in the `` [MASK] star '' .<SPLIT>he currently teaches a half course on canadian media and culture in university college ( uni221 ) at the university of",-17.36698341369629,4.004373073577881,70,70,70,505,Successful
71,Siobhan williams,"siobhan williams is an english-canadian actress .<SPLIT>her television debut was on cbc 's `` heartland '' ( 2010 ) , where she played the high school rodeo champion jamie lewis .<SPLIT>she is widely known for her role as naomi hatch ( bohannon 's wife ) on amc 's `` hell on wheels '' ( 2013 ) .<SPLIT>she also starred as esme black on abc 's `` black box '' ( 2014 ) .<SPLIT>she is also due to appear on a&e 's first scripted",Stephanie leonidas,"[MASK] [MASK] is an english-canadian actress .<SPLIT>her television debut was on cbc 's `` heartland '' ( [MASK] ) , where she played the high school rodeo champion jamie lewis .<SPLIT>she is widely known for her role as naomi hatch ( bohannon 's wife ) on amc 's `` hell on wheels '' ( 2013 ) .<SPLIT>she also starred as esme black on abc 's `` black box '' ( 2014 ) .<SPLIT>she is also due to appear on a&e 's first scripted",-16.289155960083008,4.588717937469482,71,48359,71,172,Successful
72,Étienne jalenques,Étienne jalenques ( born 10 december 1934 ) is a french modern pentathlete .<SPLIT>he competed at the 1960 summer olympics .<SPLIT>,Étienne jalenques,Étienne [MASK] ( born [MASK] [MASK] [MASK] ) is a french modern pentathlete .<SPLIT>he competed at the 1960 summer olympics .<SPLIT>,-16.511348724365234,8.21622371673584,72,72,72,79,Successful
73,Joey muha,"joey muha is a canadian drummer from port dover , ontario .<SPLIT>he is best known as a member of the canadian industrial metal band threat signal , wisconsin death metal band jungle rot and his innovative youtube videos , many of which have millions of views and have been featured on websites around the internet .<SPLIT>he has played for bands associated with nuclear blast records , victory records",Joey muha,"[MASK] [MASK] is a canadian drummer from [MASK] [MASK] , ontario .<SPLIT>he is best known as a member of the canadian industrial metal band [MASK] [MASK] , wisconsin death metal band [MASK] [MASK] and his innovative youtube videos , many of which have millions of views and have been featured on websites around the internet .<SPLIT>he has played for bands [MASK] with [MASK] [MASK] records , [MASK] records",-14.80866813659668,4.703806400299072,73,73,73,583,Successful
74,Gonzalo rabuñal,gonzalo rabuñal rios ( born 1 august 1984 in arteixo ) is a spanish professional road bicycle racer who last rode for uci professional continental team xacobeo-galicia .<SPLIT>,Gonzalo rabuñal,gonzalo [MASK] [MASK] ( born [MASK] [MASK] [MASK] in [MASK] ) is a spanish professional road bicycle racer who last rode for uci professional continental team xacobeo-galicia .<SPLIT>,-15.925071716308594,7.6013970375061035,74,74,74,154,Successful
75,James henry scullin,"james henry `` jim '' scullin ( 18 september 1876 -- 28 january 1953 ) was an australian labor party politician and the ninth prime minister of australia .<SPLIT>scullin led labor to government at the 1929 election .<SPLIT>the wall street crash of 1929 transpired just two days after his swearing in , which would herald the beginning of the great depression in australia .<SPLIT>scullin 's administration would soon be overwhelmed by the economic crisis , with interpersonal and policy disagreements causing a three-way split of his party that would bring down the",Jim fraser,"james [MASK] `` jim '' [MASK] ( [MASK] [MASK] [MASK] -- [MASK] [MASK] [MASK] ) was an australian [MASK] party politician and the ninth [MASK] minister of australia .<SPLIT>[MASK] led [MASK] to government at the [MASK] election .<SPLIT>the wall street crash of [MASK] transpired just two days after his swearing in , which would herald the beginning of the great [MASK] in australia .<SPLIT>[MASK] 's administration would soon be overwhelmed by the economic crisis , with interpersonal and policy disagreements causing a three-way split of his party that would bring down the",-16.43815040588379,3.7794392108917236,75,87983,75,799,Successful
76,Ernesto sabato,"ernesto sabato ( june 24 , 1911 -- april 30 , 2011 ) was an argentine writer , painter and physicist .<SPLIT>according to the bbc he `` won some of the most prestigious prizes in hispanic literature '' and `` became very influential in the literary world throughout latin america '' .<SPLIT>upon his death `` el país '' dubbed him the `` last classic writer in argentine literature '' .<SPLIT>sabato was distinguished by his bald pate and brush moustache and wore tinted spectacles and open-necked shirts",Ernesto sabato,"[MASK] [MASK] ( [MASK] [MASK] , [MASK] -- [MASK] [MASK] , [MASK] ) was an argentine writer , painter and physicist .<SPLIT>according to the bbc he `` won some of the most prestigious prizes in hispanic literature '' and `` became very influential in the literary world throughout latin america '' .<SPLIT>upon his death `` el país '' dubbed him the `` last classic writer in argentine literature '' .<SPLIT>[MASK] was distinguished by his bald pate and brush moustache and wore tinted spectacles and open-necked shirts",-17.468568801879883,6.421509265899658,76,76,76,485,Successful
77,Taylor milne,"taylor milne ( born september 14 , 1981 in callander , ontario ) is a canadian middle distance runner .<SPLIT>milne made his official debut for the 2008 summer olympics in beijing , where he competed in the men 's 1500 metres .<SPLIT>milne first appeared and competed as part of the national team at the 2006 iaaf world cross country championships in fukuoka , japan , where he placed twenty-eighth in the men 's senior eight kilometre run .<SPLIT>in 2008 , he set his personal best",Taylor milne,"taylor [MASK] ( born [MASK] [MASK] , [MASK] in [MASK] , ontario ) is a canadian middle distance runner .<SPLIT>[MASK] made his official debut for the [MASK] summer olympics in beijing , where he competed in the men 's [MASK] metres .<SPLIT>[MASK] first appeared and competed as part of the national team at the 2006 iaaf world cross country championships in fukuoka , japan , where he placed twenty-eighth in the men 's senior eight kilometre run .<SPLIT>in [MASK] , he set his personal best",-17.379947662353516,6.981495380401611,77,77,77,421,Successful
78,Artak grigoryan,"artak grigoryan ( , born on 19 october 1987 in yerevan , soviet union ) is an armenian football midfielder .<SPLIT>he currently plays for the armenian premier league club alashkert fc .<SPLIT>artak is also a member of the armenian national team , and has participated in 1 international matches since his debut at home friendly match against iran on 11",Artak grigoryan,"[MASK] [MASK] ( , born on [MASK] [MASK] [MASK] in [MASK] , soviet union ) is an [MASK] football midfielder .<SPLIT>he currently plays for the [MASK] premier league club [MASK] fc .<SPLIT>[MASK] is also a member of the [MASK] national team , and has participated in [MASK] international matches since his debut at home friendly match against iran on 11",-16.062938690185547,5.795205116271973,78,78,78,433,Successful
79,Nigel pepper,"colin nigel pepper ( born 25 april 1968 in rotherham , england ) , more commonly known as nigel pepper , is a retired english professional footballer .<SPLIT>he was a combative midfield player known for his powerful attacking free kicks and his solid work ethic .<SPLIT>he was a member of the york city team that beat manchester united 3 -- 0 at old trafford in the league cup in",Steve bushell,"[MASK] [MASK] [MASK] ( born [MASK] [MASK] [MASK] in [MASK] , england ) , more commonly known as [MASK] [MASK] , is a retired english professional footballer .<SPLIT>he was a combative midfield player known for his powerful attacking free kicks and his solid work ethic .<SPLIT>he was a member of the york city team that beat manchester united [MASK] -- 0 at old trafford in the league cup in",-16.439180374145508,5.557982444763184,79,43850,79,421,Successful
80,Leandro chichizola,leandro `` chichi '' chichizola ( ; born 27 march 1990 ) is an argentine footballer who plays as a goalkeeper for italian serie b club spezia calcio .<SPLIT>,Leandro chichizola,leandro `` chichi '' [MASK] ( ; born [MASK] [MASK] [MASK] ) is an argentine footballer who plays as a goalkeeper for italian serie b club [MASK] calcio .<SPLIT>,-14.992541313171387,6.822520732879639,80,80,80,136,Successful
81,Yukana,", better known by the stage name , is a japanese voice actress .<SPLIT>after standing in for kotono mitsuishi ( the voice of usagi tsukino in the series `` sailor moon '' ) when mitsuishi had appendicitis , araki originated the role of chibiusa in the same series soon after .<SPLIT>while training at a voice acting school , araki acted as senpai to fellow voice actor konami yoshida , and they have maintained a close",Yukana,", better known by the stage name , is a japanese [MASK] actress .<SPLIT>after standing in for kotono mitsuishi ( the [MASK] of usagi tsukino in the series `` sailor moon '' ) when mitsuishi had appendicitis , [MASK] originated the role of chibiusa in the same series soon after .<SPLIT>while training at a [MASK] acting school , [MASK] acted as senpai to fellow [MASK] actor konami yoshida , and they have maintained a close",-3.009500503540039,4.480811595916748,78523,78523,81,112,Successful
82,Charles john barnett,"charles john barnett ( 12 march 1790 -- 4 august 1856 ) was an officer in the british army who also served as a diplomat .<SPLIT>he served in the 3rd regiment of foot .<SPLIT>he reached the rank of captain in 1812 and lieutenant colonel in 1821 .<SPLIT>he took part in the battle of waterloo in 1815 , and retired from the military in 1830 .<SPLIT>he was appointed consul in warsaw , poland on 31 may 1833 .<SPLIT>he was later appointed consul-general in egypt on 11 may 1841 , which post he held till 17 august 1846 , when he retired",Charles john barnett,"charles john [MASK] ( [MASK] [MASK] [MASK] -- [MASK] [MASK] [MASK] ) was an officer in the british army who also served as a diplomat .<SPLIT>he served in the 3rd [MASK] of [MASK] .<SPLIT>he reached the rank of captain in 1812 and lieutenant colonel in 1821 .<SPLIT>he took part in the battle of waterloo in 1815 , and retired from the military in 1830 .<SPLIT>he was appointed [MASK] in [MASK] , poland on [MASK] [MASK] [MASK] .<SPLIT>he was later appointed [MASK]-general in [MASK] on [MASK] [MASK] [MASK] , which post he held till [MASK] [MASK] [MASK] , when he retired",-18.385141372680664,4.45267915725708,82,82,82,1122,Successful
83,Norm desilva,"norman desilva ( born august 20 , in new bedford , massachusetts ) is a former ncaa basketball player and assistant coach for the delaware 87ers of the nba development league ( nbadl ) .<SPLIT>in , de silva signed with ncaa babson college .<SPLIT>he started at point guard his freshmen year and led the league in assists in his sophomore season while also leading the nation in turnovers .<SPLIT>he went on to earn a degree in finance .<SPLIT>desilva played his high school basketball at dartmouth high school , and",Mike pegues,"[MASK] [MASK] ( born [MASK] [MASK] , in new [MASK] , [MASK] ) is a former ncaa basketball player and assistant coach for the delaware 87ers of the nba development league ( nbadl ) .<SPLIT>in , de [MASK] signed with ncaa [MASK] college .<SPLIT>he started at [MASK] [MASK] his freshmen year and led the league in assists in his sophomore season while also leading the nation in turnovers .<SPLIT>he went on to earn a degree in finance .<SPLIT>[MASK] played his [MASK] school basketball at [MASK] [MASK] school , and",-14.728848457336426,3.2768714427948,83,14848,83,703,Successful
84,Roger ducret,"roger ducret ( 2 april 1888 -- 8 january 1962 ) was a french fencer who competed at the 1920 , 1924 and 1928 olympics .<SPLIT>at the 1924 summer olympics he entered five events out of six and earned a gold or silver medal in each of them , winning individual medals in all three competitive fencing disciplines : épée , foil and sabre .<SPLIT>only one fencer in history did better -- nedo nadi won five gold medals at the 1920 summer olympics .<SPLIT>during world war i ducret was a prisoner of war",Roger ducret,"roger [MASK] ( [MASK] [MASK] [MASK] -- 8 [MASK] [MASK] ) was a french fencer who competed at the 1920 , 1924 and 1928 olympics .<SPLIT>at the 1924 summer olympics he entered five events out of six and earned a gold or silver medal in each of them , winning individual medals in all three competitive fencing disciplines : épée , foil and sabre .<SPLIT>only one fencer in history did better -- nedo nadi won five gold medals at the 1920 summer olympics .<SPLIT>during world war i [MASK] was a prisoner of war",-17.011409759521484,8.246990203857422,84,84,84,382,Successful
85,Eduardo gonzález,"eduardo gonzález ( born november 9 , 1969 ) is a republican member of the florida house of representatives , representing the 111th district , which includes parts of miami and hialeah in northeastern miami-dade county , since 2012 , previously representing the 102nd district from 2006",Ray rodrigues,"[MASK] [MASK] ( born [MASK] 9 , [MASK] ) is a republican member of the florida house of representatives , representing the [MASK] district , which includes parts of miami and hialeah in northeastern miami-dade county , since [MASK] , previously representing the [MASK] district from [MASK]",-16.358121871948242,5.71334171295166,85,90622,85,269,Successful
86,Hassan mohammed,hassan mohammed ( born 20 january 1980 ) is a malaysian cricketer .<SPLIT>he played in the 2014 icc world cricket league division five tournament .<SPLIT>,Hassan mohammed,hassan mohammed ( born [MASK] [MASK] [MASK] ) is a malaysian cricketer .<SPLIT>he played in the 2014 icc world cricket league division five tournament .<SPLIT>,-16.75399398803711,8.221031188964844,86,86,86,73,Successful
87,Sam crouser,"samuel crouser ( born december 31 , 1991 ) is an american javelin thrower .<SPLIT>he currently attends the university of oregon .<SPLIT>while a senior at gresham high school , crouser was named gatorade high school track and field athlete of the year 2010 .<SPLIT>on may 1 , 2010 , he set the national high school record at 244 ' 2 '' ( 74.42 m ) .<SPLIT>this was broken in 2012 by billy stanley of south park , pa. .<SPLIT>he competed javelin at the",Sam crouser,"samuel [MASK] ( born [MASK] [MASK] , [MASK] ) is an american [MASK] [MASK] .<SPLIT>he currently attends the university of oregon .<SPLIT>while a senior at [MASK] high school , [MASK] was named gatorade high school track and field athlete of the year 2010 .<SPLIT>on may 1 , 2010 , he set the national high school record at 244 ' [MASK] '' ( 74.42 m ) .<SPLIT>this was broken in [MASK] by billy stanley of south park , pa. .<SPLIT>he competed [MASK] at the",-16.298458099365234,6.401362419128418,87,87,87,514,Successful
88,Narden jaime espinosa,"narden jaime espinosa ( born august 6 , 1971 ) is a puerto rican politician affiliated with the popular democratic party ( ppd ) .<SPLIT>he has been a member of the puerto rico house of representatives since 2009 representing district 35",Narden jaime espinosa,"[MASK] [MASK] [MASK] ( born august [MASK] , [MASK] ) is a [MASK] rican politician affiliated with the [MASK] democratic party ( [MASK] ) .<SPLIT>he has been a member of the [MASK] [MASK] house of [MASK] since [MASK] representing district 35",-16.907608032226562,3.8431735038757324,88,88,88,342,Successful
89,Sushil koirala . सुशील कोइराला,"sushil koirala ( nepali : सुशील कोइराला ) ( born 12 august 1939 ) is the incumbent prime minister of nepal since february 11 , 2014 .<SPLIT>he is also the president of the nepali congress party since 2010 .<SPLIT>koirala was elected as prime minister of nepal by the parliament on 10 february 2014 .<SPLIT>koirala joined the nepali congress in 1952 and served in various capacities prior to becoming its president in 2010",Sushil koirala . सुशील कोइराला,"[MASK] [MASK] ( [MASK] : सुशील कोइराला ) ( born [MASK] [MASK] [MASK] ) is the incumbent [MASK] minister of [MASK] since [MASK] [MASK] , [MASK] .<SPLIT>he is also the president of the [MASK] congress party since [MASK] .<SPLIT>[MASK] was elected as [MASK] minister of [MASK] by the parliament on 10 [MASK] [MASK] .<SPLIT>[MASK] joined the [MASK] congress in 1952 and served in various capacities prior to becoming its president in [MASK]",-17.21501922607422,4.05997371673584,89,89,89,523,Successful
90,Barry otto,barry otto ( born 1941 ) is an australian actor .<SPLIT>,Sachin joab,[MASK] [MASK] ( born [MASK] ) is an australian actor .<SPLIT>,-18.114051818847656,5.330188274383545,90,35705,90,31,Successful
91,Yosef burg,"shlomo yosef burg ( , 31 january 1909 - 15 october 1999 ) was a german-born israeli politician .<SPLIT>in 1949 , he was elected to the first knesset , and served in many ministerial positions for the next 40 years .<SPLIT>he was one of the founders of the national religious party",Haim yosef zadok,"shlomo yosef [MASK] ( , [MASK] [MASK] [MASK] - [MASK] [MASK] [MASK] ) was a german-born israeli politician .<SPLIT>in [MASK] , he was elected to the first knesset , and served in many ministerial positions for the next 40 years .<SPLIT>he was one of the founders of the national religious party",-15.94882583618164,8.801085472106934,91,135158,91,309,Successful
92,Kava huihahau,"kava huihahau ( born 8 august 1982 ) is a tongan former international footballer who played as a defender .<SPLIT>between 2003 and 2007 , he won 10 caps for the tonga national football team",Kava huihahau,"[MASK] [MASK] ( born 8 [MASK] [MASK] ) is a tongan former international footballer who played as a defender .<SPLIT>between [MASK] and [MASK] , he won 10 caps for the tonga national football team",-17.25098991394043,8.427953720092773,92,92,92,190,Successful
93,Begziin yavuukhulan,"begziin yavuukhulan ( , 1929-1982 ) was a mongolian poet of the communist era that wrote in mongolian and russian .<SPLIT>",Nino dadeshkeliani,"[MASK] [MASK] ( , [MASK]-[MASK] ) was a [MASK] poet of the communist era that wrote in [MASK] and russian .<SPLIT>",-17.92852020263672,7.3690619468688965,93,2650,93,96,Successful
94,Jeff stein,"jeff stein ( born february 13 , 1944 ) is a columnist and at newsweek .<SPLIT>previously , he was the spytalk columnist and national security editor for congressional quarterlys website , cq politics , from 2002 -- 2009 .<SPLIT>he specializes in u.s. intelligence , military and foreign policy issues .<SPLIT>in addition to his work for cq , he has written three books and hundreds of news articles , opinion pieces and book reviews .<SPLIT>he has also made numerous",Jeff stein,"[MASK] [MASK] ( born [MASK] [MASK] , [MASK] ) is a [MASK] and at newsweek .<SPLIT>previously , he was the spytalk [MASK] and national security editor for congressional quarterlys website , cq politics , from 2002 -- 2009 .<SPLIT>he specializes in u.s. [MASK] , military and foreign policy issues .<SPLIT>in addition to his work for cq , he has written three books and hundreds of news articles , opinion pieces and book reviews .<SPLIT>he has also made numerous",-17.837892532348633,4.882895469665527,94,94,94,400,Successful
95,Judith amaechi,"dame judith obiajulu amaechi ( née nwankwo ; born 24 december 1970 ) is the wife of former rivers state governor chibuike amaechi .<SPLIT>she is head of the empowerment support initiative ( esi ) which campaigns against hiv/aids , advocates the rights of the women and children , and promotes gender equity and girl child education .<SPLIT>amaechi was born on 24 december 1970 in enugu ukwu , anambra state .<SPLIT>she attended federal government girls college , abuloma for her secondary education .<SPLIT>she then attended rivers state",Judith amaechi,"dame judith [MASK] [MASK] ( née [MASK] ; born [MASK] [MASK] [MASK] ) is the wife of former [MASK] state governor [MASK] [MASK] .<SPLIT>she is head of the empowerment support initiative ( esi ) which campaigns against hiv/aids , advocates the rights of the women and children , and promotes gender equity and girl child education .<SPLIT>[MASK] was born on [MASK] [MASK] [MASK] in [MASK] [MASK] , [MASK] state .<SPLIT>she attended federal government girls college , abuloma for her secondary education .<SPLIT>she then attended [MASK] state",-18.016094207763672,6.177857875823975,95,95,95,617,Successful
96,Fait-florian banser,"fait-florian banser ( born 20 february 1982 in perleberg ) is a retired german footballer .<SPLIT>banser made and scored on his professional debut for eintracht braunschweig during the opening round of fixtures of the inaugural 2008 -- 09 3 .<SPLIT>fußball-liga season away to fc erzgebirge aue .<SPLIT>after retiring , banser worked as executive director at vfb germania halberstadt until january 2014 .<SPLIT>",Fait-florian banser,"fait-florian [MASK] ( born [MASK] [MASK] [MASK] in [MASK] ) is a retired german footballer .<SPLIT>[MASK] made and scored on his professional debut for eintracht braunschweig during the opening round of fixtures of the inaugural [MASK] -- 09 3 .<SPLIT>fußball-liga season away to fc erzgebirge aue .<SPLIT>after retiring , [MASK] worked as executive director at vfb [MASK] [MASK] until january 2014 .<SPLIT>",-17.51388168334961,7.171887397766113,96,96,96,445,Successful
97,Simon mignolet,"simon luc hildebert mignolet ( ; born 6 march 1988 ) is a belgian professional footballer who plays as a goalkeeper for premier league club liverpool and the belgium national team .<SPLIT>mignolet started his career with belgian second division side sint-truiden in 2004 , and spent six years with the club , making 100 senior league appearances .<SPLIT>he moved to premier league side sunderland in june 2010 for # 2 million , spending three years with them and making 90 appearances , before moving to liverpool in june 2013 for # 9 million",Simon mignolet,"[MASK] [MASK] hildebert [MASK] ( ; born [MASK] [MASK] [MASK] ) is a belgian professional footballer who plays as a goalkeeper for premier league club [MASK] and the belgium national team .<SPLIT>[MASK] started his career with belgian second division side sint-truiden in [MASK] , and spent six years with the club , making 100 senior league appearances .<SPLIT>he moved to premier league side [MASK] in june [MASK] for # [MASK] million , spending three years with them and making 90 appearances , before moving to [MASK] in june [MASK] for # 9 million",-15.49660873413086,4.7024736404418945,97,97,97,739,Successful
98,Alan lee,"alan lee ( born 20 august 1947 ) is an english book illustrator and movie conceptual designer .<SPLIT>he was born in middlesex , england , and studied at the ealing school of",Tony lee,"[MASK] lee ( born [MASK] [MASK] [MASK] ) is an english book [MASK] and movie [MASK] designer .<SPLIT>he was born in [MASK] , england , and studied at the [MASK] school of",-16.371749877929688,4.5631914138793945,98,125537,98,213,Successful
99,Lorenzo bosisio,"lorenzo bosisio ( born 24 september 1944 ) is a retired italian road and track cyclist .<SPLIT>on the road he won a team bronze medal at the 1967 world championships .<SPLIT>next year he had his best achievements on track , winning an olympic bronze medal and a world title in the team pursuit , as well as a bronze medal in the individual pursuit at the world championships .<SPLIT>in 1969 bosisio turned professional and won a silver medal in the individual pursuit at the 1970 world championships .<SPLIT>he had little success on the road , and retired",Lorenzo bosisio,"lorenzo [MASK] ( born [MASK] [MASK] [MASK] ) is a retired italian road and track cyclist .<SPLIT>on the road he won a team bronze medal at the 1967 world championships .<SPLIT>next year he had his best achievements on track , winning an olympic bronze medal and a world title in the team pursuit , as well as a bronze medal in the individual pursuit at the world championships .<SPLIT>in 1969 [MASK] turned professional and won a silver medal in the individual pursuit at the 1970 world championships .<SPLIT>he had little success on the road , and retired",-16.978221893310547,8.22401237487793,99,99,99,199,Successful
