,original_person,original_text,original_text_id_bm25,perturbed_person,perturbed_text,perturbed_text_id_bm25,original_score,perturbed_score,original_output,perturbed_output,ground_truth_output,num_queries,result_type
0,Michael iii of alexandria,"pope <font color = red>michael</font> <font color = red>iii</font> <font color = red>of</font> alexandria ( also known as khail iii ) was the coptic pope of alexandria and patriarch of the see of st. mark ( <font color = red>880</font> -- <font color = red>907</font> ) .<SPLIT>in 882 , the governor of egypt , ahmad ibn tulun , forced khail to pay heavy contributions , forcing him to sell a church and some attached properties to the local jewish community .<SPLIT>this building was at one time believed to have later become the site of the cairo geniza .<SPLIT>",0,Philotheos of alexandria,"pope <<font color = cyan>mask__1</font>> <<font color = cyan>mask__5</font>> <<font color = cyan>mask__4</font>> alexandria ( also known as khail iii ) was the coptic pope of alexandria and patriarch of the see of st. mark ( <<font color = cyan>mask__2</font>> -- <<font color = cyan>mask__3</font>> ) .<SPLIT>in 882 , the governor of egypt , ahmad ibn tulun , forced khail to pay heavy contributions , forcing him to sell a church and some attached properties to the local jewish community .<SPLIT>this building was at one time believed to have later become the site of the cairo geniza .<SPLIT>",45914,0.0011439323425292969,0.9071609377861023,0,41257,0,638,Successful
1,Hui jun,<font color = green>hui</font> jun is a <font color = green>male</font> former <font color = green>table</font> tennis player <font color = green>from</font> <font color = green>china</font> .<SPLIT>,1,Qiu jun,<<font color = orange>mask__5</font>> jun is a <<font color = orange>mask__4</font>> former <<font color = orange>mask__2</font>> tennis player <<font color = orange>mask__1</font>> <<font color = orange>mask__3</font>> .<SPLIT>,33082,0.0003052949905395508,0.579700231552124,1,50265,1,80,Successful
2,Okan öztürk,<font color = blue>okan</font> Öztürk ( born <font color = blue>30</font> november 1977 ) is a turkish professional footballer .<SPLIT>he currently plays as a <font color = blue>striker</font> for <font color = blue>yeni</font> <font color = blue>malatyaspor</font> .<SPLIT>,2,Alim öztürk,<<font color = gray>mask__5</font>> Öztürk ( born <<font color = gray>mask__1</font>> november 1977 ) is a turkish professional footballer .<SPLIT>he currently plays as a <<font color = gray>mask__4</font>> for <<font color = gray>mask__2</font>> <<font color = gray>mask__3</font>> .<SPLIT>,5167,5.9604644775390625e-06,0.7113162279129028,2,21278,2,161,Successful
3,Marie stephan,"<font color = purple>marie</font> <font color = purple>stephan</font> , ( born march <font color = purple>14</font> , <font color = purple>1996</font> ) is a professional squash player who represents france .<SPLIT>she reached a career-high world ranking of world no. <font color = purple>101</font> in july 2015 .<SPLIT>",3,Yathreb adel,"<<font color = pink>mask__1</font>> <<font color = pink>mask__5</font>> , ( born march <<font color = pink>mask__2</font>> , <<font color = pink>mask__3</font>> ) is a professional squash player who represents france .<SPLIT>she reached a career-high world ranking of world no. <<font color = pink>mask__4</font>> in july 2015 .<SPLIT>",4624,0.00031375885009765625,0.7588508129119873,3,64666,3,224,Successful
4,Leonard l. martino,<font color = yellow>leonard</font> l. <font color = yellow>martino</font> is a former democratic member of the <font color = yellow>pennsylvania</font> house of representatives .<SPLIT>he was born in <font color = yellow>butler</font> to michael and angela pitullio <font color = yellow>martino</font> .<SPLIT>,4,Donald l. shoultz,<<font color = pink>mask__4</font>> l. <<font color = pink>mask__5</font>> is a former democratic member of the <<font color = pink>mask__3</font>> house of representatives .<SPLIT>he was born in <<font color = pink>mask__2</font>> to michael and angela pitullio <<font color = pink>mask__1</font>> .<SPLIT>,24029,2.1457672119140625e-06,0.7069568634033203,4,71716,4,206,Successful
5,Salome jens,"<font color = orange>salome</font> <font color = orange>jens</font> ( <font color = orange>born</font> <font color = orange>may</font> <font color = orange>8</font> , <font color = orange>1935</font> ) <font color = orange>is</font> <font color = orange>an</font> <font color = orange>american</font> <font color = orange>stage</font> , <font color = orange>film</font> <font color = orange>and</font> <font color = orange>television</font> <font color = orange>actress</font> .<SPLIT><font color = orange>she</font> <font color = orange>is</font> <font color = orange>perhaps</font> <font color = orange>best</font> <font color = orange>known</font> <font color = orange>for</font> <font color = orange>portraying</font> <font color = orange>the</font> <font color = orange>female</font> <font color = orange>changeling</font> <font color = orange>on</font> '' '' .<SPLIT>",5,Salome jens,"<<font color = orange>mask__25</font>> <<font color = orange>mask__23</font>> ( <<font color = orange>mask__8</font>> <<font color = orange>mask__22</font>> <<font color = orange>mask__21</font>> , <<font color = orange>mask__20</font>> ) <<font color = orange>mask__16</font>> <<font color = orange>mask__17</font>> <<font color = orange>mask__24</font>> <<font color = orange>mask__6</font>> , <<font color = orange>mask__7</font>> <<font color = orange>mask__3</font>> <<font color = orange>mask__2</font>> <<font color = orange>mask__5</font>> .<SPLIT><<font color = orange>mask__4</font>> <<font color = orange>mask__13</font>> <<font color = orange>mask__12</font>> <<font color = orange>mask__15</font>> <<font color = orange>mask__9</font>> <<font color = orange>mask__10</font>> <<font color = orange>mask__18</font>> <<font color = orange>mask__11</font>> <<font color = orange>mask__1</font>> <<font color = orange>mask__19</font>> <<font color = orange>mask__14</font>> '' '' .<SPLIT>",45323,1.430511474609375e-06,0.18280309438705444,5,5,5,626,Failed
6,Carl crawford,"<font color = pink>carl</font> demonte <font color = pink>crawford</font> ( <font color = pink>born</font> august 5 , 1981 ) , nicknamed <font color = pink>``</font> the <font color = pink>perfect</font> storm '' , is an <font color = pink>american</font> professional <font color = pink>baseball</font> <font color = pink>left</font> <font color = pink>fielder</font> <font color = pink>with</font> <font color = pink>the</font> <font color = pink>los</font> <font color = pink>angeles</font> <font color = pink>dodgers</font> of major <font color = pink>league</font> <font color = pink>baseball</font> ( mlb ) .<SPLIT><font color = pink>he</font> <font color = pink>bats</font> <font color = pink>and</font> throws <font color = pink>left-handed</font> .<SPLIT>crawford <font color = pink>was</font> drafted by the tampa bay devil <font color = pink>rays</font> <font color = pink>in</font> <font color = pink>the</font> second <font color = pink>round</font> ( 52nd overall ) of the 1999 <font color = pink>major</font> <font color = pink>league</font> <font color = pink>baseball</font> draft .<SPLIT><font color = pink>he</font> <font color = pink>made</font> his <font color = pink>major</font> <font color = pink>league</font> debut in <font color = pink>2002</font> .<SPLIT>crawford has more <font color = pink>triples</font> ( <font color = pink>121</font> ) <font color = pink>than</font> any other active <font color = pink>baseball</font> player .<SPLIT>",6,"Robert lawrence crawford , jr.","<<font color = blue>mask__37</font>> demonte <<font color = blue>mask__36</font>> ( <<font color = blue>mask__20</font>> august 5 , 1981 ) , nicknamed <<font color = blue>mask__5</font>> the <<font color = blue>mask__24</font>> storm '' , is an <<font color = blue>mask__17</font>> professional <<font color = blue>mask__11</font>> <<font color = blue>mask__31</font>> <<font color = blue>mask__33</font>> <<font color = blue>mask__26</font>> <<font color = blue>mask__12</font>> <<font color = blue>mask__27</font>> <<font color = blue>mask__28</font>> <<font color = blue>mask__29</font>> of major <<font color = blue>mask__7</font>> <<font color = blue>mask__25</font>> ( mlb ) .<SPLIT><<font color = blue>mask__19</font>> <<font color = blue>mask__16</font>> <<font color = blue>mask__15</font>> throws <<font color = blue>mask__18</font>> .<SPLIT>crawford <<font color = blue>mask__13</font>> drafted by the tampa bay devil <<font color = blue>mask__1</font>> <<font color = blue>mask__2</font>> <<font color = blue>mask__3</font>> second <<font color = blue>mask__4</font>> ( 52nd overall ) of the 1999 <<font color = blue>mask__30</font>> <<font color = blue>mask__9</font>> <<font color = blue>mask__22</font>> draft .<SPLIT><<font color = blue>mask__23</font>> <<font color = blue>mask__8</font>> his <<font color = blue>mask__6</font>> <<font color = blue>mask__21</font>> debut in <<font color = blue>mask__35</font>> .<SPLIT>crawford has more <<font color = blue>mask__32</font>> ( <<font color = blue>mask__34</font>> ) <<font color = blue>mask__14</font>> any other active <<font color = blue>mask__10</font>> player .<SPLIT>",6,2.86102294921875e-06,0.9362035393714905,6,47952,6,4144,Successful
7,Jim bob,"jim <font color = cyan>bob</font> ( born james <font color = cyan>neil</font> <font color = cyan>morrison</font> on <font color = cyan>22</font> <font color = cyan>november</font> <font color = cyan>1960</font> ) is a <font color = cyan>british</font> musician and <font color = cyan>author</font> , best known as the singer of indie punk band <font color = cyan>carter</font> <font color = cyan>usm</font> .<SPLIT>",7,Jim ward,"jim <<font color = green>mask__9</font>> ( born james <<font color = green>mask__10</font>> <<font color = green>mask__8</font>> on <<font color = green>mask__3</font>> <<font color = green>mask__4</font>> <<font color = green>mask__2</font>> ) is a <<font color = green>mask__1</font>> musician and <<font color = green>mask__7</font>> , best known as the singer of indie punk band <<font color = green>mask__6</font>> <<font color = green>mask__5</font>> .<SPLIT>",65191,1.2755393981933594e-05,0.6588343381881714,7,65191,7,424,Successful
8,Riddick parker,"<font color = gray>riddick</font> <font color = gray>parker</font> ( born <font color = gray>november</font> <font color = gray>20</font> , <font color = gray>1972</font> <font color = gray>in</font> <font color = gray>emporia</font> , <font color = gray>virginia</font> ) is a former professional american football defensive <font color = gray>lineman</font> <font color = gray>for</font> the seattle seahawks , san <font color = gray>diego</font> chargers , <font color = gray>new</font> england patriots , <font color = gray>baltimore</font> <font color = gray>ravens</font> , and san <font color = gray>francisco</font> <font color = gray>49ers</font> of the national football league .<SPLIT>",8,Lester williams,"<<font color = cyan>mask__16</font>> <<font color = cyan>mask__15</font>> ( born <<font color = cyan>mask__9</font>> <<font color = cyan>mask__10</font>> , <<font color = cyan>mask__11</font>> <<font color = cyan>mask__2</font>> <<font color = cyan>mask__14</font>> , <<font color = cyan>mask__8</font>> ) is a former professional american football defensive <<font color = cyan>mask__12</font>> <<font color = cyan>mask__6</font>> the seattle seahawks , san <<font color = cyan>mask__7</font>> chargers , <<font color = cyan>mask__1</font>> england patriots , <<font color = cyan>mask__5</font>> <<font color = cyan>mask__4</font>> , and san <<font color = cyan>mask__3</font>> <<font color = cyan>mask__13</font>> of the national football league .<SPLIT>",8,1.1920928955078125e-06,0.5243081450462341,8,33627,8,939,Successful
9,Blessed osanna of cattaro -lrb- ozana kotorska -rrb-,blessed <font color = brown>osanna</font> of <font color = brown>cattaro</font> t.o.s.d. ( ) was a catholic visionary and anchoress from <font color = brown>cattaro</font> ( kotor ) .<SPLIT>she was a teenage convert from orthodoxy of serbian descent from montenegro ( zeta ) .<SPLIT>she became a dominican tertiary and was posthumously venerated as a saint in kotor .<SPLIT>she was later beatified in 1934 .<SPLIT>,9,"Bl . margaret of castello , t.o.s.d.",blessed <<font color = red>mask__2</font>> of <<font color = red>mask__3</font>> t.o.s.d. ( ) was a catholic visionary and anchoress from <<font color = red>mask__1</font>> ( kotor ) .<SPLIT>she was a teenage convert from orthodoxy of serbian descent from montenegro ( zeta ) .<SPLIT>she became a dominican tertiary and was posthumously venerated as a saint in kotor .<SPLIT>she was later beatified in 1934 .<SPLIT>,9,2.384185791015625e-06,0.6749426126480103,9,56000,9,245,Successful
10,Thaila ayala,"<font color = red>thaila</font> <font color = red>ayala</font> <font color = red>sales</font> ( born april <font color = red>14</font> , <font color = red>1986</font> <font color = red>in</font> <font color = red>presidente</font> <font color = red>prudente</font> ) is a <font color = red>brazilian</font> actress and model .<SPLIT>",10,Peyton list,"<<font color = red>mask__5</font>> <<font color = red>mask__2</font>> <<font color = red>mask__3</font>> ( born april <<font color = red>mask__8</font>> , <<font color = red>mask__7</font>> <<font color = red>mask__1</font>> <<font color = red>mask__9</font>> <<font color = red>mask__6</font>> ) is a <<font color = red>mask__4</font>> actress and model .<SPLIT>",64810,1.3113021850585938e-06,0.5833290815353394,10,64810,10,201,Successful
11,Sven leuenberger,"<font color = green>sven</font> <font color = green>leuenberger</font> ( born <font color = green>august</font> <font color = green>25</font> , <font color = green>1969</font> in <font color = green>niederuzwil</font> , switzerland ) is a retired <font color = green>swiss</font> professional ice hockey defender .<SPLIT>playing in the nla-a , <font color = green>leuenberger</font> accumulated 74 goals , 173 assists , and 443 penalty minutes in the regular season .<SPLIT>since the nla 2006 season , <font color = green>leuenberger</font> has been the general manager ( sports director ) of the sc bern .<SPLIT>on august 1 , 2008 sc bern 's coach <font color = green>suffered</font> , john <font color = green>van</font> boxmeer , a heart attack side-lining him for a month .<SPLIT><font color = green>during</font> van boxmeer 's <font color = green>absence</font> , general manager sven <font color = green>leuenberger</font> coached the team along with assistant coach konstantin kurashev -lsb- http://www.iihf.com/home-of-hockey/news/news-singleview/article/van-boxmeer-suffers-heart-attack/leuenberger.html] .<SPLIT>",11,John van boxmeer,"<<font color = brown>mask__14</font>> <<font color = brown>mask__12</font>> ( born <<font color = brown>mask__7</font>> <<font color = brown>mask__9</font>> , <<font color = brown>mask__8</font>> in <<font color = brown>mask__10</font>> , switzerland ) is a retired <<font color = brown>mask__11</font>> professional ice hockey defender .<SPLIT>playing in the nla-a , <<font color = brown>mask__2</font>> accumulated 74 goals , 173 assists , and 443 penalty minutes in the regular season .<SPLIT>since the nla 2006 season , <<font color = brown>mask__1</font>> has been the general manager ( sports director ) of the sc bern .<SPLIT>on august 1 , 2008 sc bern 's coach <<font color = brown>mask__4</font>> , john <<font color = brown>mask__6</font>> boxmeer , a heart attack side-lining him for a month .<SPLIT><<font color = brown>mask__13</font>> van boxmeer 's <<font color = brown>mask__5</font>> , general manager sven <<font color = brown>mask__3</font>> coached the team along with assistant coach konstantin kurashev -lsb- http://www.iihf.com/home-of-hockey/news/news-singleview/article/van-boxmeer-suffers-heart-attack/leuenberger.html] .<SPLIT>",60006,1.7881393432617188e-06,0.6104475259780884,11,11969,11,2573,Successful
12,Brett scott,"<font color = blue>brett</font> <font color = blue>scott</font> ( born <font color = blue>10</font> <font color = blue>april</font> <font color = blue>1962</font> ) is a former australian <font color = blue>rules</font> footballer who played with the sydney football club in the <font color = blue>victorian</font> football league during the 1980s .<SPLIT><font color = blue>scott</font> played his early football with the <font color = blue>rock-yerong</font> <font color = blue>creek</font> before being recruited to south <font color = blue>melbourne</font> and making his league debut in <font color = blue>1981</font> .<SPLIT>the following year the club relocated to sydney and he took part in the inaugural game for their new city .<SPLIT>injuries restricted his appearances over the years and when he finished in <font color = blue>1989</font> he had managed just 59 senior games .<SPLIT>after gary buckenara was sacked as sydney 's <font color = blue>coach</font> in 1993 , <font color = blue>scott</font> acted as a caretaker coach for two games .<SPLIT>",12,David murphy,"<<font color = cyan>mask__15</font>> <<font color = cyan>mask__14</font>> ( born <<font color = cyan>mask__13</font>> <<font color = cyan>mask__12</font>> <<font color = cyan>mask__2</font>> ) is a former australian <<font color = cyan>mask__1</font>> footballer who played with the sydney football club in the <<font color = cyan>mask__11</font>> football league during the 1980s .<SPLIT><<font color = cyan>mask__9</font>> played his early football with the <<font color = cyan>mask__10</font>> <<font color = cyan>mask__8</font>> before being recruited to south <<font color = cyan>mask__4</font>> and making his league debut in <<font color = cyan>mask__5</font>> .<SPLIT>the following year the club relocated to sydney and he took part in the inaugural game for their new city .<SPLIT>injuries restricted his appearances over the years and when he finished in <<font color = cyan>mask__6</font>> he had managed just 59 senior games .<SPLIT>after gary buckenara was sacked as sydney 's <<font color = cyan>mask__7</font>> in 1993 , <<font color = cyan>mask__3</font>> acted as a caretaker coach for two games .<SPLIT>",58287,1.3113021850585938e-06,0.6322741508483887,12,58287,12,2952,Successful
13,Marlon evans,<font color = purple>marlon</font> <font color = purple>evans</font> ( <font color = purple>born</font> <font color = purple>3</font> <font color = purple>august</font> <font color = purple>1997</font> ) <font color = purple>is</font> <font color = purple>a</font> <font color = purple>guamanian</font> <font color = purple>international</font> <font color = purple>footballer</font> <font color = purple>who</font> <font color = purple>plays</font> <font color = purple>for</font> <font color = purple>wings</font> <font color = purple>in</font> <font color = purple>the</font> <font color = purple>guam</font> <font color = purple>men</font> '<font color = purple>s</font> <font color = purple>soccer</font> <font color = purple>league</font><SPLIT>,13,Marlon evans,<<font color = purple>mask__22</font>> <<font color = purple>mask__7</font>> ( <<font color = purple>mask__13</font>> <<font color = purple>mask__15</font>> <<font color = purple>mask__16</font>> <<font color = purple>mask__20</font>> ) <<font color = purple>mask__18</font>> <<font color = purple>mask__10</font>> <<font color = purple>mask__21</font>> <<font color = purple>mask__3</font>> <<font color = purple>mask__4</font>> <<font color = purple>mask__6</font>> <<font color = purple>mask__19</font>> <<font color = purple>mask__14</font>> <<font color = purple>mask__8</font>> <<font color = purple>mask__1</font>> <<font color = purple>mask__5</font>> <<font color = purple>mask__17</font>> <<font color = purple>mask__11</font>> '<<font color = purple>mask__12</font>> <<font color = purple>mask__9</font>> <<font color = purple>mask__2</font>><SPLIT>,0,1.430511474609375e-06,0.09331285953521729,13,13,13,485,Failed
14,Jesper blicher,"<font color = yellow>jesper</font> <font color = yellow>blicher</font> ( born 4 <font color = yellow>october</font> <font color = yellow>1988</font> ) is a danish professional football midfielder , who currently plays for danish 1st division side lyngby boldklub .<SPLIT>blicher began playing football in <font color = yellow>kolt-hasselager</font> if , where he was picked for agf , where he got his other footballing education .<SPLIT>he was part of the year ' 88 , who won in the junior league , like michael lumb , frederik krabbe , michael vester , niels kristensen , morten beck andersen and anders syberg , who all had the onset of agf 's 1 .<SPLIT>hold .<SPLIT>in the autumn of 2009 he was loaned to næstved bk , and just before winter transfer window end he switched permanently to the club .<SPLIT>in 2010 he changed to fc fredericia , where he played until 2012 when he got vendsyssel ff as a new club in january 2015 he was given at his own request that he want to terminated his contract with the vendsyssel ff .<SPLIT>on 6 february 2015 he signed a two-year contract with lyngby boldklub<SPLIT>",14,Morten christiansen,"<<font color = green>mask__5</font>> <<font color = green>mask__4</font>> ( born 4 <<font color = green>mask__3</font>> <<font color = green>mask__2</font>> ) is a danish professional football midfielder , who currently plays for danish 1st division side lyngby boldklub .<SPLIT>blicher began playing football in <<font color = green>mask__1</font>> if , where he was picked for agf , where he got his other footballing education .<SPLIT>he was part of the year ' 88 , who won in the junior league , like michael lumb , frederik krabbe , michael vester , niels kristensen , morten beck andersen and anders syberg , who all had the onset of agf 's 1 .<SPLIT>hold .<SPLIT>in the autumn of 2009 he was loaned to næstved bk , and just before winter transfer window end he switched permanently to the club .<SPLIT>in 2010 he changed to fc fredericia , where he played until 2012 when he got vendsyssel ff as a new club in january 2015 he was given at his own request that he want to terminated his contract with the vendsyssel ff .<SPLIT>on 6 february 2015 he signed a two-year contract with lyngby boldklub<SPLIT>",14,1.9073486328125e-06,0.5870185494422913,14,43801,14,1133,Successful
15,Stewart ford,"<font color = orange>stewart</font> <font color = orange>owen</font> <font color = orange>ford</font> ( <font color = orange>born</font> <font color = orange>1964</font> ) <font color = orange>is</font> <font color = orange>a</font> <font color = orange>british</font> <font color = orange>businessman</font> , <font color = orange>the</font> <font color = orange>founder</font> <font color = orange>and</font> <font color = orange>chief</font> <font color = orange>executive</font> ( <font color = orange>ceo</font> ) <font color = orange>of</font> <font color = orange>the</font> <font color = orange>failed</font> <font color = orange>financial</font> <font color = orange>company</font> <font color = orange>keydata</font> .<SPLIT><font color = orange>he</font> <font color = orange>was</font> <font color = orange>fined</font> <font color = orange>a</font> <font color = orange>record</font> # <font color = orange>75</font> <font color = orange>million</font> <font color = orange>by</font> <font color = orange>the</font> <font color = orange>financial</font> <font color = orange>conduct</font> <font color = orange>authority</font> <font color = orange>in</font> <font color = orange>may</font> <font color = orange>2015</font> .<SPLIT>",15,Stewart ford,"<<font color = orange>mask__35</font>> <<font color = orange>mask__34</font>> <<font color = orange>mask__33</font>> ( <<font color = orange>mask__19</font>> <<font color = orange>mask__32</font>> ) <<font color = orange>mask__27</font>> <<font color = orange>mask__11</font>> <<font color = orange>mask__24</font>> <<font color = orange>mask__7</font>> , <<font color = orange>mask__8</font>> <<font color = orange>mask__5</font>> <<font color = orange>mask__9</font>> <<font color = orange>mask__2</font>> <<font color = orange>mask__22</font>> ( <<font color = orange>mask__6</font>> ) <<font color = orange>mask__1</font>> <<font color = orange>mask__29</font>> <<font color = orange>mask__25</font>> <<font color = orange>mask__30</font>> <<font color = orange>mask__28</font>> <<font color = orange>mask__36</font>> .<SPLIT><<font color = orange>mask__23</font>> <<font color = orange>mask__15</font>> <<font color = orange>mask__21</font>> <<font color = orange>mask__12</font>> <<font color = orange>mask__18</font>> # <<font color = orange>mask__3</font>> <<font color = orange>mask__4</font>> <<font color = orange>mask__16</font>> <<font color = orange>mask__14</font>> <<font color = orange>mask__26</font>> <<font color = orange>mask__13</font>> <<font color = orange>mask__20</font>> <<font color = orange>mask__10</font>> <<font color = orange>mask__17</font>> <<font color = orange>mask__31</font>> .<SPLIT>",55066,1.5497207641601562e-06,0.05557900667190552,15,15,15,1297,Failed
16,Chris galletta,<font color = pink>chris</font> <font color = pink>galletta</font> ( <font color = pink>born</font> <font color = pink>1981</font> ) <font color = pink>is</font> <font color = pink>an</font> <font color = pink>american</font> <font color = pink>screenwriter</font> .<SPLIT><font color = pink>he</font> <font color = pink>is</font> <font color = pink>best</font> <font color = pink>known</font> <font color = pink>for</font> <font color = pink>writing</font> <font color = pink>the</font> <font color = pink>2013</font> <font color = pink>coming-of-age</font> <font color = pink>film</font> <font color = pink>``</font> <font color = pink>the</font> <font color = pink>kings</font> <font color = pink>of</font> <font color = pink>summer</font> '' .<SPLIT>,16,Chris galletta,<<font color = pink>mask__1</font>> <<font color = pink>mask__23</font>> ( <<font color = pink>mask__3</font>> <<font color = pink>mask__18</font>> ) <<font color = pink>mask__7</font>> <<font color = pink>mask__13</font>> <<font color = pink>mask__2</font>> <<font color = pink>mask__21</font>> .<SPLIT><<font color = pink>mask__10</font>> <<font color = pink>mask__8</font>> <<font color = pink>mask__12</font>> <<font color = pink>mask__9</font>> <<font color = pink>mask__11</font>> <<font color = pink>mask__19</font>> <<font color = pink>mask__17</font>> <<font color = pink>mask__22</font>> <<font color = pink>mask__16</font>> <<font color = pink>mask__20</font>> <<font color = pink>mask__14</font>> <<font color = pink>mask__5</font>> <<font color = pink>mask__6</font>> <<font color = pink>mask__4</font>> <<font color = pink>mask__15</font>> '' .<SPLIT>,20758,1.5497207641601562e-06,0.01586979627609253,16,16,16,530,Failed
17,Barbara coombs lee,"<font color = cyan>barbara</font> <font color = cyan>coombs</font> lee , <font color = cyan>pa</font> , <font color = cyan>fnp</font> , <font color = cyan>jd</font> , ( born <font color = cyan>1947</font> ) <font color = cyan>is</font> <font color = cyan>an</font> american <font color = cyan>activist</font> and <font color = cyan>president</font> <font color = cyan>of</font> <font color = cyan>compassion</font> & <font color = cyan>choices</font> , a national non-profit organization dedicated to expanding and <font color = cyan>protecting</font> the rights of the terminally ill .<SPLIT>she practiced as a <font color = cyan>nurse</font> and <font color = cyan>physician</font> assistant for 25 years before becoming an attorney and devoting her <font color = cyan>professional</font> life to individual <font color = cyan>choice</font> and empowerment in <font color = cyan>health</font> care .<SPLIT>staffing the oregon senate healthcare and bioethics committee in 1991 , she helped oregon <font color = cyan>state</font> <font color = cyan>senator</font> <font color = cyan>frank</font> l. <font color = cyan>roberts</font> as he proposed one of the first aid in dying laws in the nation .<SPLIT>unfortunately , the committee never approved the bill , and roberts died of his prostate cancer in 1993 , suffering the kind of slow , painful death he hoped his bill would spare him .<SPLIT>when coombs lee read in her church bulletin that congregants wanted to draft a death with dignity bill and place it before oregon voters , she volunteered to help .<SPLIT>she co-authored the bill and became one of three chief petitioners who filed the oregon death with dignity act as a citizens ' initiative in 1994 .<SPLIT>coombs lee served as spokesperson for the group through two statewide campaigns and 10 years defending against attacks on the nation 's first death with dignity law in both the judicial and legislative arenas .<SPLIT>senator roberts ' wife , oregon governor barbara roberts , became a good friend and a tireless and outspoken advocate for death with dignity .<SPLIT>under coombs lee 's leadership , since 1996 as president of compassion in dying ( which became compassion & choices in 2005 ) , the end-of-life choice movement has achieved many milestones .<SPLIT>in 2008 , coombs lee was a senior advisor for the washington state death with dignity ballot initiative that voters approved by an 18-point margin , becoming the second state to legalize aid in dying .<SPLIT>in 2009 , the montana supreme court ruled in the landmark case brought by compassion & choices ( `` baxter v. montana '' ) that it is not against the state 's public policy for a physician to provide aid in dying to a mentally competent , terminally ill adult .<SPLIT>coombs lee has been interviewed by many of the nation 's leading media outlets , including bloomberg news , `` the new york times , usa today , the washington post , the chicago tribune '' , all things considered , the diane rehm show , nbc news , crossfire , 60 minutes , the macneil/lehrer newshour , the today show , on our own terms : moyers on dying , and the dr. oz show .<SPLIT>she has been a presenter at programs sponsored by the american bar association , older women 's league , american pain society , oregon state bar , cleveland city club , americans for better care of the dying , american association for the advancement of science and the american pain society .<SPLIT>she also spoke at the world federation right to die conferences in zurich , boston , brussels and toronto .<SPLIT>her audiences have included the oregon gerontological association and the california nurse assembly & education conference .<SPLIT>her 1999 debate doctor assisted suicide : compassionate alternative or murder with james bopp , jr. , was produced the university of pennsylvania 's annenberg public policy center for public radio .<SPLIT>she is a regular contributor to huffington post and dr. oz 's sharecare .<SPLIT>coombs lee studied literature and nursing at vassar college and cornell university , and earned advanced degrees in law and medicine from the university of washington and lewis & clark college .<SPLIT>she is a member of the oregon state bar .<SPLIT>",17,Carol lee flinders,"<<font color = pink>mask__22</font>> <<font color = pink>mask__23</font>> lee , <<font color = pink>mask__20</font>> , <<font color = pink>mask__19</font>> , <<font color = pink>mask__15</font>> , ( born <<font color = pink>mask__21</font>> ) <<font color = pink>mask__4</font>> <<font color = pink>mask__3</font>> american <<font color = pink>mask__5</font>> and <<font color = pink>mask__16</font>> <<font color = pink>mask__13</font>> <<font color = pink>mask__18</font>> & <<font color = pink>mask__17</font>> , a national non-profit organization dedicated to expanding and <<font color = pink>mask__2</font>> the rights of the terminally ill .<SPLIT>she practiced as a <<font color = pink>mask__6</font>> and <<font color = pink>mask__7</font>> assistant for 25 years before becoming an attorney and devoting her <<font color = pink>mask__1</font>> life to individual <<font color = pink>mask__14</font>> and empowerment in <<font color = pink>mask__11</font>> care .<SPLIT>staffing the oregon senate healthcare and bioethics committee in 1991 , she helped oregon <<font color = pink>mask__9</font>> <<font color = pink>mask__8</font>> <<font color = pink>mask__10</font>> l. <<font color = pink>mask__12</font>> as he proposed one of the first aid in dying laws in the nation .<SPLIT>unfortunately , the committee never approved the bill , and roberts died of his prostate cancer in 1993 , suffering the kind of slow , painful death he hoped his bill would spare him .<SPLIT>when coombs lee read in her church bulletin that congregants wanted to draft a death with dignity bill and place it before oregon voters , she volunteered to help .<SPLIT>she co-authored the bill and became one of three chief petitioners who filed the oregon death with dignity act as a citizens ' initiative in 1994 .<SPLIT>coombs lee served as spokesperson for the group through two statewide campaigns and 10 years defending against attacks on the nation 's first death with dignity law in both the judicial and legislative arenas .<SPLIT>senator roberts ' wife , oregon governor barbara roberts , became a good friend and a tireless and outspoken advocate for death with dignity .<SPLIT>under coombs lee 's leadership , since 1996 as president of compassion in dying ( which became compassion & choices in 2005 ) , the end-of-life choice movement has achieved many milestones .<SPLIT>in 2008 , coombs lee was a senior advisor for the washington state death with dignity ballot initiative that voters approved by an 18-point margin , becoming the second state to legalize aid in dying .<SPLIT>in 2009 , the montana supreme court ruled in the landmark case brought by compassion & choices ( `` baxter v. montana '' ) that it is not against the state 's public policy for a physician to provide aid in dying to a mentally competent , terminally ill adult .<SPLIT>coombs lee has been interviewed by many of the nation 's leading media outlets , including bloomberg news , `` the new york times , usa today , the washington post , the chicago tribune '' , all things considered , the diane rehm show , nbc news , crossfire , 60 minutes , the macneil/lehrer newshour , the today show , on our own terms : moyers on dying , and the dr. oz show .<SPLIT>she has been a presenter at programs sponsored by the american bar association , older women 's league , american pain society , oregon state bar , cleveland city club , americans for better care of the dying , american association for the advancement of science and the american pain society .<SPLIT>she also spoke at the world federation right to die conferences in zurich , boston , brussels and toronto .<SPLIT>her audiences have included the oregon gerontological association and the california nurse assembly & education conference .<SPLIT>her 1999 debate doctor assisted suicide : compassionate alternative or murder with james bopp , jr. , was produced the university of pennsylvania 's annenberg public policy center for public radio .<SPLIT>she is a regular contributor to huffington post and dr. oz 's sharecare .<SPLIT>coombs lee studied literature and nursing at vassar college and cornell university , and earned advanced degrees in law and medicine from the university of washington and lewis & clark college .<SPLIT>she is a member of the oregon state bar .<SPLIT>",17,2.1457672119140625e-06,0.5013062953948975,17,15616,17,5255,Successful
18,Darren m. swain,"<font color = gray>darren</font> <font color = gray>m</font>. <font color = gray>swain</font> <font color = gray>is</font> <font color = gray>an</font> <font color = gray>american</font> <font color = gray>politician</font> , <font color = gray>a</font> <font color = gray>democrat</font> <font color = gray>and</font> <font color = gray>a</font> <font color = gray>member</font> <font color = gray>of</font> <font color = gray>the</font> <font color = gray>maryland</font> <font color = gray>house</font> <font color = gray>of</font> <font color = gray>delegates</font> .<SPLIT>",18,Darren m. swain,"<<font color = gray>mask__18</font>> <<font color = gray>mask__16</font>>. <<font color = gray>mask__17</font>> <<font color = gray>mask__13</font>> <<font color = gray>mask__5</font>> <<font color = gray>mask__9</font>> <<font color = gray>mask__4</font>> , <<font color = gray>mask__6</font>> <<font color = gray>mask__10</font>> <<font color = gray>mask__14</font>> <<font color = gray>mask__12</font>> <<font color = gray>mask__8</font>> <<font color = gray>mask__3</font>> <<font color = gray>mask__11</font>> <<font color = gray>mask__1</font>> <<font color = gray>mask__2</font>> <<font color = gray>mask__7</font>> <<font color = gray>mask__15</font>> .<SPLIT>",51041,1.7881393432617188e-06,0.6818105578422546,18,18,18,325,Failed
19,Paul quinn,"<font color = brown>paul</font> <font color = brown>charles</font> <font color = brown>quinn</font> ( <font color = brown>born</font> <font color = brown>21</font> <font color = brown>july</font> <font color = brown>1985</font> ) <font color = brown>is</font> a scottish footballer who <font color = brown>currently</font> <font color = brown>plays</font> <font color = brown>for</font> aberdeen in the scottish premiership .<SPLIT>his usual position is right back , but <font color = brown>can</font> also play at <font color = brown>centre</font> back or on the right wing .<SPLIT><font color = brown>quinn</font> started his career at <font color = brown>motherwell</font> and <font color = brown>has</font> also played for <font color = brown>cardiff</font> city , doncaster rovers , and ross <font color = brown>county</font> .<SPLIT>",19,Andrew anderson,"<<font color = blue>mask__18</font>> <<font color = blue>mask__17</font>> <<font color = blue>mask__16</font>> ( <<font color = blue>mask__9</font>> <<font color = blue>mask__15</font>> <<font color = blue>mask__13</font>> <<font color = blue>mask__14</font>> ) <<font color = blue>mask__4</font>> a scottish footballer who <<font color = blue>mask__7</font>> <<font color = blue>mask__6</font>> <<font color = blue>mask__8</font>> aberdeen in the scottish premiership .<SPLIT>his usual position is right back , but <<font color = blue>mask__1</font>> also play at <<font color = blue>mask__5</font>> back or on the right wing .<SPLIT><<font color = blue>mask__12</font>> started his career at <<font color = blue>mask__3</font>> and <<font color = blue>mask__2</font>> also played for <<font color = blue>mask__11</font>> city , doncaster rovers , and ross <<font color = blue>mask__10</font>> .<SPLIT>",19,1.7881393432617188e-06,0.6653643846511841,19,21992,19,1655,Successful
20,Bob motl,"<font color = red>robert</font> <font color = red>joseph</font> <font color = red>motl</font> ( <font color = red>july</font> <font color = red>26</font> , <font color = red>1920</font> -- <font color = red>june</font> <font color = red>3</font> , <font color = red>2007</font> ) <font color = red>was</font> <font color = red>an</font> <font color = red>american</font> <font color = red>football</font> <font color = red>end</font> <font color = red>in</font> <font color = red>the</font> <font color = red>all-america</font> <font color = red>football</font> <font color = red>conference</font> <font color = red>for</font> <font color = red>the</font> <font color = red>chicago</font> <font color = red>rockets</font> .<SPLIT><font color = red>he</font> <font color = red>played</font> <font color = red>college</font> <font color = red>football</font> <font color = red>at</font> <font color = red>northwestern</font> <font color = red>university</font> <font color = red>and</font> <font color = red>was</font> <font color = red>drafted</font> <font color = red>in</font> <font color = red>the</font> <font color = red>ninth</font> <font color = red>round</font> <font color = red>of</font> <font color = red>the</font> <font color = red>1943</font> <font color = red>nfl</font> <font color = red>draft</font> <font color = red>by</font> <font color = red>the</font> <font color = red>washington</font> <font color = red>redskins</font> .<SPLIT>",20,Bob motl,"<<font color = red>mask__46</font>> <<font color = red>mask__21</font>> <<font color = red>mask__45</font>> ( <<font color = red>mask__35</font>> <<font color = red>mask__37</font>> , <<font color = red>mask__36</font>> -- <<font color = red>mask__38</font>> <<font color = red>mask__39</font>> , <<font color = red>mask__43</font>> ) <<font color = red>mask__24</font>> <<font color = red>mask__22</font>> <<font color = red>mask__10</font>> <<font color = red>mask__23</font>> <<font color = red>mask__44</font>> <<font color = red>mask__30</font>> <<font color = red>mask__11</font>> <<font color = red>mask__1</font>> <<font color = red>mask__26</font>> <<font color = red>mask__25</font>> <<font color = red>mask__28</font>> <<font color = red>mask__18</font>> <<font color = red>mask__34</font>> <<font color = red>mask__32</font>> .<SPLIT><<font color = red>mask__20</font>> <<font color = red>mask__31</font>> <<font color = red>mask__5</font>> <<font color = red>mask__8</font>> <<font color = red>mask__7</font>> <<font color = red>mask__9</font>> <<font color = red>mask__29</font>> <<font color = red>mask__6</font>> <<font color = red>mask__15</font>> <<font color = red>mask__3</font>> <<font color = red>mask__16</font>> <<font color = red>mask__17</font>> <<font color = red>mask__42</font>> <<font color = red>mask__4</font>> <<font color = red>mask__12</font>> <<font color = red>mask__27</font>> <<font color = red>mask__41</font>> <<font color = red>mask__33</font>> <<font color = red>mask__14</font>> <<font color = red>mask__13</font>> <<font color = red>mask__19</font>> <<font color = red>mask__40</font>> <<font color = red>mask__2</font>> .<SPLIT>",43669,1.5497207641601562e-06,0.12948793172836304,20,20,20,2117,Failed
21,Christiane soeder,"<font color = green>christiane</font> <font color = green>soeder</font> ( born <font color = green>january</font> <font color = green>15</font> , <font color = green>1975</font> in <font color = green>remscheid</font> , <font color = green>north</font> rhine-westphalia ) <font color = green>is</font> a german-born <font color = green>austrian</font> <font color = green>road</font> <font color = green>racing</font> <font color = green>cyclist</font> and <font color = green>former</font> duathlete who <font color = green>now</font> <font color = green>lives</font> in vienna .<SPLIT><font color = green>she</font> finished <font color = green>fourth</font> <font color = green>in</font> <font color = green>the</font> <font color = green>2008</font> olympic road race <font color = green>with</font> a <font color = green>time</font> <font color = green>of</font> 3h <font color = green>32</font> ′ <font color = green>28</font> .<SPLIT>she rides professionally <font color = green>for</font> .<SPLIT>",21,Ruben zepuntke,"<<font color = purple>mask__5</font>> <<font color = purple>mask__26</font>> ( born <<font color = purple>mask__3</font>> <<font color = purple>mask__23</font>> , <<font color = purple>mask__24</font>> in <<font color = purple>mask__4</font>> , <<font color = purple>mask__20</font>> rhine-westphalia ) <<font color = purple>mask__21</font>> a german-born <<font color = purple>mask__2</font>> <<font color = purple>mask__19</font>> <<font color = purple>mask__22</font>> <<font color = purple>mask__9</font>> and <<font color = purple>mask__25</font>> duathlete who <<font color = purple>mask__17</font>> <<font color = purple>mask__7</font>> in vienna .<SPLIT><<font color = purple>mask__1</font>> finished <<font color = purple>mask__8</font>> <<font color = purple>mask__10</font>> <<font color = purple>mask__11</font>> <<font color = purple>mask__13</font>> olympic road race <<font color = purple>mask__14</font>> a <<font color = purple>mask__12</font>> <<font color = purple>mask__6</font>> 3h <<font color = purple>mask__15</font>> ′ <<font color = purple>mask__16</font>> .<SPLIT>she rides professionally <<font color = purple>mask__18</font>> .<SPLIT>",69889,1.6689300537109375e-06,0.6813284158706665,21,38573,21,1646,Successful
22,Molwyn joseph,"<font color = blue>molwyn</font> <font color = blue>joseph</font> <font color = blue>is</font> <font color = blue>an</font> antiguan <font color = blue>politician</font> and chairman <font color = blue>of</font> <font color = blue>the</font> <font color = blue>antigua</font> <font color = blue>labour</font> <font color = blue>party</font> ( alp ) .<SPLIT>first entering <font color = blue>politics</font> <font color = blue>in</font> 1984 <font color = blue>when</font> he was made a minister without portfolio in the government of vere bird , <font color = blue>joseph</font> became minister of finance seven years later , renegotiating the antiguan national debt and introducing fiscal reforms .<SPLIT>after a <font color = blue>1996</font> <font color = blue>scandal</font> in which it was discovered he had used his position to import a 1930s <font color = blue>rolls</font> royce for a <font color = blue>friend</font> , bypassing normal import duties and <font color = blue>taxes</font> , he was dismissed from the bird administration , returning 14 months later to serve as minister for <font color = blue>planning</font> , <font color = blue>implementation</font> and the <font color = blue>environment</font> .<SPLIT>following the 1999 general election he became minister of heath and social improvement before being made minister of tourism and the environment a few months later .<SPLIT>as minister , joseph attempted to improve the perception of antigua as a tourist destination and invest in the industry , spending 2 million us dollars increasing the number of hotel rooms on the island and providing money for both air jamaica and air luxor to provide flights to the island .<SPLIT>outside of his ministerial duties , he also met with jiang zhenghua , vice-chairman of the standing committee of the national people 's congress , having led the official antiguan delegation to beijing .<SPLIT>following a power struggle in 2003 , joseph was given the economic development and investment promotion portfolio , to hold at the same time as his tourism and the environment position .<SPLIT>despite a scandal surrounding donations he had received from texan businessman robert stafford , joseph was selected to contest the seat of st mary 's north in the 2004 antiguan general election , in which the alp lost power , being replaced in government by the united progressive party ( upp ) led by baldwin spencer .<SPLIT>joseph himself lost his seat , but was elected chairman of the alp a year later , and regained the seat in 2009 with a majority of 21 .<SPLIT>the same year , he was arrested for participating in an unauthorised may day rally protesting the upp administration ; after a lengthy trial , he and several other alp members were convicted and fined .<SPLIT>",22,Lakshman yapa abeywardena,"<<font color = cyan>mask__22</font>> <<font color = cyan>mask__21</font>> <<font color = cyan>mask__12</font>> <<font color = cyan>mask__11</font>> antiguan <<font color = cyan>mask__8</font>> and chairman <<font color = cyan>mask__9</font>> <<font color = cyan>mask__10</font>> <<font color = cyan>mask__15</font>> <<font color = cyan>mask__16</font>> <<font color = cyan>mask__13</font>> ( alp ) .<SPLIT>first entering <<font color = cyan>mask__7</font>> <<font color = cyan>mask__2</font>> 1984 <<font color = cyan>mask__6</font>> he was made a minister without portfolio in the government of vere bird , <<font color = cyan>mask__18</font>> became minister of finance seven years later , renegotiating the antiguan national debt and introducing fiscal reforms .<SPLIT>after a <<font color = cyan>mask__14</font>> <<font color = cyan>mask__4</font>> in which it was discovered he had used his position to import a 1930s <<font color = cyan>mask__5</font>> royce for a <<font color = cyan>mask__3</font>> , bypassing normal import duties and <<font color = cyan>mask__1</font>> , he was dismissed from the bird administration , returning 14 months later to serve as minister for <<font color = cyan>mask__19</font>> , <<font color = cyan>mask__17</font>> and the <<font color = cyan>mask__20</font>> .<SPLIT>following the 1999 general election he became minister of heath and social improvement before being made minister of tourism and the environment a few months later .<SPLIT>as minister , joseph attempted to improve the perception of antigua as a tourist destination and invest in the industry , spending 2 million us dollars increasing the number of hotel rooms on the island and providing money for both air jamaica and air luxor to provide flights to the island .<SPLIT>outside of his ministerial duties , he also met with jiang zhenghua , vice-chairman of the standing committee of the national people 's congress , having led the official antiguan delegation to beijing .<SPLIT>following a power struggle in 2003 , joseph was given the economic development and investment promotion portfolio , to hold at the same time as his tourism and the environment position .<SPLIT>despite a scandal surrounding donations he had received from texan businessman robert stafford , joseph was selected to contest the seat of st mary 's north in the 2004 antiguan general election , in which the alp lost power , being replaced in government by the united progressive party ( upp ) led by baldwin spencer .<SPLIT>joseph himself lost his seat , but was elected chairman of the alp a year later , and regained the seat in 2009 with a majority of 21 .<SPLIT>the same year , he was arrested for participating in an unauthorised may day rally protesting the upp administration ; after a lengthy trial , he and several other alp members were convicted and fined .<SPLIT>",22,2.384185791015625e-06,0.9366534948348999,22,54607,22,5043,Successful
23,Edmond reusens,"<font color = purple>edmond</font> <font color = purple>henri</font> <font color = purple>joseph</font> <font color = purple>reusens</font> ( <font color = purple>b</font>. in <font color = purple>wijnegem</font> ( <font color = purple>antwerp</font> ) , <font color = purple>25</font> <font color = purple>april</font> <font color = purple>1831</font> ; d. in <font color = purple>leuven</font> , <font color = purple>25</font> <font color = purple>december</font> <font color = purple>1903</font> ) was a belgian <font color = purple>archeologist</font> <font color = purple>and</font> <font color = purple>historian</font> .<SPLIT>sent to <font color = purple>the</font> university of leuven immediately after his ordination to the priesthood ( 1854 ) , he soon became head librarian of <font color = purple>the</font> <font color = purple>university</font> ( 1859 -- 1896 ) .<SPLIT>he collaborated with his rector , pierre françois xavier de ram , in his works on the religious history of belgium , and in 1864 they founded the review , `` analectes pour servir à l'histoire ecclésiastique de la belgique '' , which reusens continued to direct until his death .<SPLIT>with the same teacher , he became interested in the history of the university of leuven , to which he devoted almost exclusively the last years of his life .<SPLIT>through his historical studies he acquired a knowledge of palaeography and diplomacy and became professor of a course in these branches ( 1881 -- 1903 ) which was the first of its kind in belgium .<SPLIT>in 1900 he was appointed member of the royal commission of history ( brussels ) .<SPLIT>after teaching theology for two years he had charge of a new course in christian archaeology from 1864-1900 .<SPLIT>in this department he soon acquired great distinction , as is evidenced by the success of his manual , his appointment ( 1884 ) to the royal commission of monuments ( brussels ) , his participation in the exposition of ancient art , and his role in the renovation of religious art in belgium .<SPLIT>his principal works are : `` eléments d'archéologie chrétienne '' ( leuven , 1871-5 ) ; `` eléments de paléographie '' ( leuven , 1899 ) ; `` documents relatifs à l'histoire de l'université de leuven '' ( leuven , 1881 -- 1903 ) .<SPLIT>",23,Johannes franciscus foppens,"<<font color = orange>mask__20</font>> <<font color = orange>mask__18</font>> <<font color = orange>mask__17</font>> <<font color = orange>mask__19</font>> ( <<font color = orange>mask__14</font>>. in <<font color = orange>mask__16</font>> ( <<font color = orange>mask__15</font>> ) , <<font color = orange>mask__10</font>> <<font color = orange>mask__9</font>> <<font color = orange>mask__5</font>> ; d. in <<font color = orange>mask__7</font>> , <<font color = orange>mask__11</font>> <<font color = orange>mask__13</font>> <<font color = orange>mask__12</font>> ) was a belgian <<font color = orange>mask__8</font>> <<font color = orange>mask__2</font>> <<font color = orange>mask__6</font>> .<SPLIT>sent to <<font color = orange>mask__3</font>> university of leuven immediately after his ordination to the priesthood ( 1854 ) , he soon became head librarian of <<font color = orange>mask__1</font>> <<font color = orange>mask__4</font>> ( 1859 -- 1896 ) .<SPLIT>he collaborated with his rector , pierre françois xavier de ram , in his works on the religious history of belgium , and in 1864 they founded the review , `` analectes pour servir à l'histoire ecclésiastique de la belgique '' , which reusens continued to direct until his death .<SPLIT>with the same teacher , he became interested in the history of the university of leuven , to which he devoted almost exclusively the last years of his life .<SPLIT>through his historical studies he acquired a knowledge of palaeography and diplomacy and became professor of a course in these branches ( 1881 -- 1903 ) which was the first of its kind in belgium .<SPLIT>in 1900 he was appointed member of the royal commission of history ( brussels ) .<SPLIT>after teaching theology for two years he had charge of a new course in christian archaeology from 1864-1900 .<SPLIT>in this department he soon acquired great distinction , as is evidenced by the success of his manual , his appointment ( 1884 ) to the royal commission of monuments ( brussels ) , his participation in the exposition of ancient art , and his role in the renovation of religious art in belgium .<SPLIT>his principal works are : `` eléments d'archéologie chrétienne '' ( leuven , 1871-5 ) ; `` eléments de paléographie '' ( leuven , 1899 ) ; `` documents relatifs à l'histoire de l'université de leuven '' ( leuven , 1881 -- 1903 ) .<SPLIT>",66677,1.7881393432617188e-06,0.605480432510376,23,66385,23,4613,Successful
24,Nicetas,"<font color = yellow>nicetas</font> <font color = yellow>or</font> <font color = yellow>niketas</font> ( ) was the <font color = yellow>cousin</font> of emperor <font color = yellow>heraclius</font> .<SPLIT>he <font color = yellow>played</font> a major role in the revolt against phocas that brought <font color = yellow>heraclius</font> to the throne , where he captured egypt for his <font color = yellow>cousin</font> .<SPLIT><font color = yellow>nicetas</font> remained governor of egypt ( or at least alexandria ) thereafter , and participated also in the byzantine -- sassanid war of <font color = yellow>602</font> -- <font color = yellow>628</font> , but failed to stop the sassanid conquest of egypt ca. <font color = yellow>618</font>/<font color = yellow>619</font> .<SPLIT>he disappears from the sources thereafter , but possibly served as exarch of africa until his death .<SPLIT>",24,Maurice,"<<font color = pink>mask__13</font>> <<font color = pink>mask__3</font>> <<font color = pink>mask__12</font>> ( ) was the <<font color = pink>mask__10</font>> of emperor <<font color = pink>mask__11</font>> .<SPLIT>he <<font color = pink>mask__9</font>> a major role in the revolt against phocas that brought <<font color = pink>mask__7</font>> to the throne , where he captured egypt for his <<font color = pink>mask__6</font>> .<SPLIT><<font color = pink>mask__4</font>> remained governor of egypt ( or at least alexandria ) thereafter , and participated also in the byzantine -- sassanid war of <<font color = pink>mask__2</font>> -- <<font color = pink>mask__8</font>> , but failed to stop the sassanid conquest of egypt ca. <<font color = pink>mask__5</font>>/<<font color = pink>mask__1</font>> .<SPLIT>he disappears from the sources thereafter , but possibly served as exarch of africa until his death .<SPLIT>",24,2.1457672119140625e-06,0.586420476436615,24,27786,24,1870,Successful
25,Kathy stanton,"<font color = orange>kathy</font> <font color = orange>stanton</font> <font color = orange>was</font> a <font color = orange>sinn</font> <font color = orange>féin</font> member <font color = orange>of</font> the northern ireland assembly <font color = orange>from</font> <font color = orange>2003</font> to 2007 in <font color = orange>north</font> <font color = orange>belfast</font> .<SPLIT>stanton is <font color = orange>a</font> full-time <font color = orange>party</font> official <font color = orange>in</font> <font color = orange>north</font> belfast , <font color = orange>and</font> is <font color = orange>her</font> party 's spokesperson <font color = orange>on</font> equality .<SPLIT><font color = orange>she</font> was <font color = orange>elected</font> <font color = orange>to</font> <font color = orange>the</font> <font color = orange>assembly</font> <font color = orange>in</font> <font color = orange>november</font> <font color = orange>2003</font> election , <font color = orange>and</font> <font color = orange>was</font> co-opted <font color = orange>to</font> belfast city <font color = orange>council</font> in 2000 , <font color = orange>before</font> losing her seat <font color = orange>in</font> <font color = orange>the</font> 2001 local <font color = orange>government</font> elections .<SPLIT>in 2006 she announced that she would <font color = orange>not</font> be contesting the next <font color = orange>assembly</font> election but denied reports <font color = orange>that</font> this <font color = orange>was</font> due <font color = orange>to</font> <font color = orange>sinn</font> <font color = orange>féin</font> endorsing <font color = orange>policing</font> .<SPLIT>-lsb- <font color = orange>http</font>://<font color = orange>sluggerotoole</font>.com/<font color = orange>index</font>.<font color = orange>php</font>/<font color = orange>weblog</font>/<font color = orange>comments</font>/<font color = orange>sfs-kathy-stanton-not-contesting-next-assembly-election</font>/] she lives in the new lodge area with her <font color = orange>five</font> <font color = orange>children</font> .<SPLIT>",25,Kathy stanton,"<<font color = orange>mask__49</font>> <<font color = orange>mask__50</font>> <<font color = orange>mask__45</font>> a <<font color = orange>mask__46</font>> <<font color = orange>mask__48</font>> member <<font color = orange>mask__35</font>> the northern ireland assembly <<font color = orange>mask__5</font>> <<font color = orange>mask__47</font>> to 2007 in <<font color = orange>mask__43</font>> <<font color = orange>mask__22</font>> .<SPLIT>stanton is <<font color = orange>mask__36</font>> full-time <<font color = orange>mask__33</font>> official <<font color = orange>mask__23</font>> <<font color = orange>mask__24</font>> belfast , <<font color = orange>mask__14</font>> is <<font color = orange>mask__34</font>> party 's spokesperson <<font color = orange>mask__37</font>> equality .<SPLIT><<font color = orange>mask__38</font>> was <<font color = orange>mask__32</font>> <<font color = orange>mask__31</font>> <<font color = orange>mask__7</font>> <<font color = orange>mask__30</font>> <<font color = orange>mask__6</font>> <<font color = orange>mask__41</font>> <<font color = orange>mask__44</font>> election , <<font color = orange>mask__8</font>> <<font color = orange>mask__28</font>> co-opted <<font color = orange>mask__29</font>> belfast city <<font color = orange>mask__13</font>> in 2000 , <<font color = orange>mask__9</font>> losing her seat <<font color = orange>mask__26</font>> <<font color = orange>mask__21</font>> 2001 local <<font color = orange>mask__11</font>> elections .<SPLIT>in 2006 she announced that she would <<font color = orange>mask__25</font>> be contesting the next <<font color = orange>mask__16</font>> election but denied reports <<font color = orange>mask__12</font>> this <<font color = orange>mask__10</font>> due <<font color = orange>mask__17</font>> <<font color = orange>mask__39</font>> <<font color = orange>mask__42</font>> endorsing <<font color = orange>mask__20</font>> .<SPLIT>-lsb- <<font color = orange>mask__19</font>>://<<font color = orange>mask__40</font>>.com/<<font color = orange>mask__27</font>>.<<font color = orange>mask__15</font>>/<<font color = orange>mask__18</font>>/<<font color = orange>mask__3</font>>/<<font color = orange>mask__1</font>>/] she lives in the new lodge area with her <<font color = orange>mask__4</font>> <<font color = orange>mask__2</font>> .<SPLIT>",10138,1.0967254638671875e-05,0.382099449634552,25,25,25,8540,Failed
26,Abby elliott,"<font color = pink>abigail</font> <font color = pink>``</font> <font color = pink>abby</font> '' <font color = pink>elliott</font> ( born <font color = pink>june</font> <font color = pink>16</font> , <font color = pink>1987</font> ) <font color = pink>is</font> an <font color = pink>american</font> <font color = pink>actress</font> and comedian best known for <font color = pink>her</font> four seasons as a cast member on <font color = pink>``</font> <font color = pink>saturday</font> night live '' from <font color = pink>2008</font> to <font color = pink>2012</font> .<SPLIT><font color = pink>she</font> is the <font color = pink>daughter</font> of comedian <font color = pink>chris</font> <font color = pink>elliott</font> .<SPLIT>",26,London lee,"<<font color = yellow>mask__19</font>> <<font color = yellow>mask__12</font>> <<font color = yellow>mask__18</font>> '' <<font color = yellow>mask__7</font>> ( born <<font color = yellow>mask__11</font>> <<font color = yellow>mask__14</font>> , <<font color = yellow>mask__15</font>> ) <<font color = yellow>mask__1</font>> an <<font color = yellow>mask__5</font>> <<font color = yellow>mask__10</font>> and comedian best known for <<font color = yellow>mask__16</font>> four seasons as a cast member on <<font color = yellow>mask__2</font>> <<font color = yellow>mask__6</font>> night live '' from <<font color = yellow>mask__3</font>> to <<font color = yellow>mask__4</font>> .<SPLIT><<font color = yellow>mask__17</font>> is the <<font color = yellow>mask__13</font>> of comedian <<font color = yellow>mask__9</font>> <<font color = yellow>mask__8</font>> .<SPLIT>",16183,1.7881393432617188e-06,0.717962920665741,26,8124,26,1176,Successful
27,Jeffrey thomas,"<font color = cyan>jeffrey</font> <font color = cyan>thomas</font> <font color = cyan>is</font> <font color = cyan>a</font> <font color = cyan>welsh-born</font> <font color = cyan>new</font> <font color = cyan>zealand</font> <font color = cyan>actor</font> , <font color = cyan>best</font> <font color = cyan>known</font> <font color = cyan>for</font> <font color = cyan>his</font> <font color = cyan>film</font> , <font color = cyan>television</font> <font color = cyan>and</font> <font color = cyan>stage</font> <font color = cyan>roles</font> .<SPLIT>",56983,Jeffrey thomas,"<<font color = cyan>mask__17</font>> <<font color = cyan>mask__16</font>> <<font color = cyan>mask__2</font>> <<font color = cyan>mask__15</font>> <<font color = cyan>mask__3</font>> <<font color = cyan>mask__1</font>> <<font color = cyan>mask__4</font>> <<font color = cyan>mask__5</font>> , <<font color = cyan>mask__10</font>> <<font color = cyan>mask__6</font>> <<font color = cyan>mask__11</font>> <<font color = cyan>mask__7</font>> <<font color = cyan>mask__12</font>> , <<font color = cyan>mask__9</font>> <<font color = cyan>mask__8</font>> <<font color = cyan>mask__14</font>> <<font color = cyan>mask__13</font>> .<SPLIT>",51041,3.0994415283203125e-06,0.21798741817474365,27,27,27,290,Failed
28,Paul brooks -lrb- cricketer -rrb-,"<font color = gray>paul</font> <font color = gray>wilson</font> brooks ( <font color = gray>28</font> <font color = gray>may</font> 1921 -- <font color = gray>26</font> january 1946 ) <font color = gray>was</font> an english cricketer .<SPLIT>brooks <font color = gray>was</font> <font color = gray>a</font> left-handed <font color = gray>batsman</font> <font color = gray>who</font> bowled left-arm fast-medium .<SPLIT>the <font color = gray>son</font> of william james <font color = gray>brooks</font> and mabel <font color = gray>brooks</font> , <font color = gray>he</font> was born at <font color = gray>marylebone</font> , london .<SPLIT>prior to <font color = gray>appearing</font> in first-class cricket , <font color = gray>wilson</font> <font color = gray>had</font> <font color = gray>played</font> second xi <font color = gray>cricket</font> <font color = gray>for</font> <font color = gray>middlesex</font> , and on <font color = gray>one</font> <font color = gray>notable</font> occasion <font color = gray>he</font> bowled the australian <font color = gray>don</font> <font color = gray>bradman</font> in <font color = gray>a</font> practice session at <font color = gray>lord</font> 's <font color = gray>before</font> <font color = gray>the</font> <font color = gray>1938</font> season <font color = gray>began</font> , <font color = gray>making</font> <font color = gray>him</font> <font color = gray>a</font> celebrity <font color = gray>for</font> <font color = gray>a</font> short time .<SPLIT>the following year he <font color = gray>what</font> was to be his only first-class appearance for middlesex against warwickshire in <font color = gray>the</font> <font color = gray>county</font> <font color = gray>championship</font> <font color = gray>at</font> <font color = gray>lord</font> '<font color = gray>s</font> .<SPLIT><font color = gray>this</font> <font color = gray>was</font> <font color = gray>the</font> <font color = gray>final</font> <font color = gray>first-class</font> match played by middlesex that season , with brooks being drafted into the team as a result of a number of regular players being drafted into the armed services due to rising tensions with germany .<SPLIT>in a match which middlesex won by an innings and 200 runs , brooks batted once , scoring an unbeaten 44 .<SPLIT>during the early part of world war ii he served in london and coventry with the national fire service during the height of the blitz .<SPLIT>he later served in the coldstream guards , reaching the rank of lance corporal .<SPLIT>while fighting in italy in april 1945 , brooks was wounded in the spine .<SPLIT>he never recovered and was bedridden ever after , eventually dying of his injury at st mary 's hospital , paddington , on the night of 26 january 1946 .<SPLIT>he was laid to rest at brompton cemetery .<SPLIT>",28,Paul brooks -lrb- cricketer -rrb-,"<<font color = gray>mask__50</font>> <<font color = gray>mask__48</font>> brooks ( <<font color = gray>mask__44</font>> <<font color = gray>mask__43</font>> 1921 -- <<font color = gray>mask__26</font>> january 1946 ) <<font color = gray>mask__46</font>> an english cricketer .<SPLIT>brooks <<font color = gray>mask__45</font>> <<font color = gray>mask__23</font>> left-handed <<font color = gray>mask__41</font>> <<font color = gray>mask__14</font>> bowled left-arm fast-medium .<SPLIT>the <<font color = gray>mask__24</font>> of william james <<font color = gray>mask__47</font>> and mabel <<font color = gray>mask__39</font>> , <<font color = gray>mask__35</font>> was born at <<font color = gray>mask__40</font>> , london .<SPLIT>prior to <<font color = gray>mask__17</font>> in first-class cricket , <<font color = gray>mask__34</font>> <<font color = gray>mask__13</font>> <<font color = gray>mask__42</font>> second xi <<font color = gray>mask__30</font>> <<font color = gray>mask__31</font>> <<font color = gray>mask__32</font>> , and on <<font color = gray>mask__16</font>> <<font color = gray>mask__19</font>> occasion <<font color = gray>mask__36</font>> bowled the australian <<font color = gray>mask__22</font>> <<font color = gray>mask__33</font>> in <<font color = gray>mask__29</font>> practice session at <<font color = gray>mask__38</font>> 's <<font color = gray>mask__28</font>> <<font color = gray>mask__18</font>> <<font color = gray>mask__49</font>> season <<font color = gray>mask__21</font>> , <<font color = gray>mask__25</font>> <<font color = gray>mask__37</font>> <<font color = gray>mask__15</font>> celebrity <<font color = gray>mask__27</font>> <<font color = gray>mask__20</font>> short time .<SPLIT>the following year he <<font color = gray>mask__1</font>> was to be his only first-class appearance for middlesex against warwickshire in <<font color = gray>mask__2</font>> <<font color = gray>mask__3</font>> <<font color = gray>mask__4</font>> <<font color = gray>mask__5</font>> <<font color = gray>mask__6</font>> '<<font color = gray>mask__7</font>> .<SPLIT><<font color = gray>mask__8</font>> <<font color = gray>mask__9</font>> <<font color = gray>mask__10</font>> <<font color = gray>mask__11</font>> <<font color = gray>mask__12</font>> match played by middlesex that season , with brooks being drafted into the team as a result of a number of regular players being drafted into the armed services due to rising tensions with germany .<SPLIT>in a match which middlesex won by an innings and 200 runs , brooks batted once , scoring an unbeaten 44 .<SPLIT>during the early part of world war ii he served in london and coventry with the national fire service during the height of the blitz .<SPLIT>he later served in the coldstream guards , reaching the rank of lance corporal .<SPLIT>while fighting in italy in april 1945 , brooks was wounded in the spine .<SPLIT>he never recovered and was bedridden ever after , eventually dying of his injury at st mary 's hospital , paddington , on the night of 26 january 1946 .<SPLIT>he was laid to rest at brompton cemetery .<SPLIT>",28,1.7881393432617188e-06,0.06588882207870483,28,28,28,10223,Failed
29,Andreas horvath,<font color = brown>andreas</font> <font color = brown>horvath</font> ( born 25 august <font color = brown>1968</font> in salzburg ) is an austrian photographer and filmmaker .<SPLIT>,29,Boris mikhailov,<<font color = pink>mask__2</font>> <<font color = pink>mask__3</font>> ( born 25 august <<font color = pink>mask__1</font>> in salzburg ) is an austrian photographer and filmmaker .<SPLIT>,29,1.6689300537109375e-06,0.8480406403541565,29,29366,29,65,Successful
